Fecha,Nombre del Remedio,Farmacia,Precio,Laboratorio,¿Es Bioequivalente?,¿Stock?,Principio Activo,SKU,Nombre (webpage),URL
2024-10-02,Ainara (Gel Hidratante Vaginal),Salcobrand,21799.0,,False,True,,1724760,Gel hidratante vaginal ,https://salcobrand.cl/products/ainara-gel-hidratante-vaginal-x30g?default_sku=1724760&queryID=707259a3485568fd094f4036d4030abe
2024-10-02,Ainara (Gel Hidratante Vaginal),Farmex,15290.0,Italfarmaco,,False,,8470001647603,Ainara gel x 30 g,https://farmex.cl/products/ainara-gel-x-30-g?_pos=1&_sid=afeeb47b3&_ss=r
2024-10-02,Ainara (Gel Hidratante Vaginal),Farmacia Meki,16916.0,Itf Labomed,False,True,,,Ainara,https://farmaciameki.cl/producto/ainara-itf-labomed-025a
2024-10-02,Ainara (Gel Hidratante Vaginal),Farmacia JVF,15260.0,Itf Labomed,False,True,Glicerol (E422) Según Rotulado Policarbofil  Carbopol,,Ainara x 30 g Gel Hidratante Vaginal,https://farmaciajvf.com/products/ainara-x-30-g-gel-hidratante-vaginal-farmacias-jvf
2024-10-02,Ainara (Gel Hidratante Vaginal),Profar,13990.0,Itf Labomed Farmacéutica,,True,Glicerol,GEL,AINARA,https://www.profar.cl/ainara-gel-30-g-100622/p
2024-10-02,Ainara (Gel Hidratante Vaginal),Búho Chile,17872.0,Itf Labomed,False,True,Glicerol (E422),,Ainara 30 g Gel Hidratante Vaginal,https://www.buhochile.com/products/ainara-30-g-gel-hidratante-vaginal-itf-labomed?productId=f88c1c17-1747-482d-9584-cb905dcc3a1c
2024-10-02,Antrofi,Salcobrand,25519.0,,False,True,Promestrieno,575274,Antrofi 1% Crema Vaginal 30gr,https://salcobrand.cl/products/principio-activo-promestrieno?default_sku=575274&queryID=bd14ae68048632de9d3fd4a3234d3c8d
2024-10-02,Antrofi,Farmacias Ahumada,29845.0,Eurofarma Chile,,True,Promestrieno,,Antrofi 1% Crema Vaginal 20 aplicadores. Envase 30 g,https://www.farmaciasahumada.cl/antrofi-1-crema-vaginal-20-aplicadores.-envase-30-g--87873.html
2024-10-02,Antrofi,Cruz Verde,17214.0,Eurofarma,,,,,Antrofi Promestrieno 1% Crema Vaginal 30 gr con 20 Aplicadores,https://www.cruzverde.cl/antrofi-promestrieno-1-crema-vaginal-30-gr-con-20-aplicadores/298572.html
2024-10-02,Antrofi,EcoFarmacias,20480.0,,,True,,7891317005023,Antrofi Promestrieno 1% Crema Vaginal 30 Gr,https://www.ecofarmacias.cl/producto/antrofi-promestrieno-1-crema-vaginal-30-gr/
2024-10-02,Antrofi,Farmacia Meki,24753.0,Eurofarma,False,True,Promestrieno,,Antrofi,https://farmaciameki.cl/producto/antrofi-1-percent-eurofarma-298e
2024-10-02,Antrofi,Farmaloop,23090.0,Eurofarma Chile S.A.,,True,Promestrieno 1 %,,ANTROFI 1% CREMA X 30 GR,https://www.farmaloop.cl/products/antrofi-1-crema-x-30-gr-140687/
2024-10-02,Antrofi,Farmacia JVF,28990.0,Eurofarma,False,True,Promestrieno 1%,,Antrofi 1% 20 Aplicaciones x 30 g Crema Vaginal,https://farmaciajvf.com/products/antrofi-1-20-aplicaciones-x-30-g-crema-vaginal-farmacias-jvf
2024-10-02,Antrofi,Anticonceptivo.cl,20990.0,Eurofarma,,False,Promestrieno 1%,2415781,ANTROFI,https://anticonceptivo.cl/producto/antrofi?
2024-10-02,Antrofi,Farmacia El Químico,24990.0,Eurofarma,,True,Promestrieno,7891317005023,Antrofi Crema Vaginal 1%,https://farmaciaelquimico.cl/products/antrofi-crema-vaginal-1?_pos=1&_psq=antrofi&_ss=e&_v=1.0
2024-10-02,Antrofi,MercadoFarma,23890.0,Eurofarma,,True,,,Antrofi Promestrieno 1% 30g,https://www.mercadofarma.cl/products/antrofi-promestrieno-1-30g
2024-10-02,Antrofi,Búho Chile,22630.0,Eurofarma,False,True,Promestrieno,,Antrofi 1% 30 g Crema Vaginal,https://www.buhochile.com/products/antrofi-1-001-30-g-crema-vaginal-eurofarma?productId=49de8ba9-5c1f-44bf-8b43-4fc4f721efd3
2024-10-02,Citrato de Magnesio 500mg,EcoFarmacias,9800.0,,,True,,11734963,,https://www.ecofarmacias.cl/producto/cram-relax-60-capsulas/
2024-10-02,Citrato de Magnesio 500mg,Farmaloop,5780.0,Laboratorio Green Medical,,True,Citrato De Magnesio 500 Mg,,CITRATO DE MAGNESIO 500 MG X 60 CÁPSULAS,https://www.farmaloop.cl/products/citrato-de-magnesio-500-mg-x-60-capsulas-140795/
2024-10-02,Citrato de Magnesio 500mg,Anticonceptivo.cl,2990.0,Green Medical,,True,Citrato De Magnesio,6226,Citrato de Magnesio 500 mg x 30 cápsulas,https://anticonceptivo.cl/producto/citrato-de-magnesio-500-mg-x-30-capsulas
2024-10-02,Citrato de Magnesio 500mg,Farmacia El Químico,5990.0,Natural Telchi,,False,"El Magnesio Es Fundamental Para La Síntesis De Proteína, Ayuda A Fortalecer Huesos Y Dientes. Tiene Un Efecto Relajante, Ayudando A Lograr Un Sueño Reparador. Regenera Las Fibras Musculares, Disminuye Calambres Nocturnos.",290440101232,Citrato de Magnesio Cápsulas,https://farmaciaelquimico.cl/products/citrato-de-magnesio-capsulas-1?_pos=1&_sid=61df9ce82&_ss=r
2024-10-02,Citrato de Magnesio 500mg,MercadoFarma,6990.0,Green Medical,,False,,,Citrato de magnesio 500mg 60 Cápsulas,https://www.mercadofarma.cl/products/citrato-de-magnesio-500mg-60-capsulas
2024-10-02,Citrato de Magnesio 500mg,Búho Chile,4490.0,Green Medical,False,True,Magnesio,,Citrato De Magnesio 500 Mg 30 Cápsulas,https://www.buhochile.com/products/citrato-de-magnesio-500-mg-30-capsulas-green-medical?productId=7596eda4-4a42-4882-9473-5bd95fb2cd17
2024-10-02,Citrato de Magnesio (otro),Cruz Verde,13993.0,Pure Science,,,,,Citrato De Magnesio 400 mg 60 Comprimidos,https://www.cruzverde.cl/citrato-de-magnesio-400-mg-60-comprimidos/550376.html
2024-10-02,Citrato de Magnesio (otro),Farmex,5190.0,Nutra Pharm,,False,,7809576419703,Citrato de Magnesio 400 mg x 60 cápsulas,https://farmex.cl/products/citrato-de-magnesio-400-mg-x-60-capsulas?_pos=6&_sid=81bdc1b20&_ss=r
2024-10-02,Citrato de Magnesio (otro),Farmacia Meki,5061.0,Green Medical,False,True,Magnesio,,Citrato de Magnesio,https://farmaciameki.cl/producto/citrato-de-magnesio-500-mg-green-medical-ca8b
2024-10-02,Citrato de Magnesio (otro),Farmaloop,9190.0,Laboratorio Green Medical,,True,Citrato De Magnesio 500 Mg,,CITRATO DE MAGNESIO X 90 CÁPSULAS,https://www.farmaloop.cl/products/citrato-de-magnesio-x-90-capsulas-150513/
2024-10-02,Citrato de Magnesio (otro),Anticonceptivo.cl,4274.0,Natural Farm,,False,Magnesio,456985259552,Citrato De Magnesio Natural Farm 60 Caps 400 Mg,https://anticonceptivo.cl/producto/citrato-de-magnesio-natural-farm-60-caps-400-mg
2024-10-02,Citrato de Magnesio (otro),Farmacia El Químico,6990.0,Karun Life,,True,"El Citrato De Magnesio Es Una Forma Altamente Absorbible De Magnesio, Esencial Para Funciones Musculares, Óseas Y Nerviosas. Ayuda A Corregir Deficiencias De Magnesio, Alivia El Estreñimiento Y Promueve La Relajación.",1782775566774,Citrato de Magnesio Cápsulas,https://farmaciaelquimico.cl/products/citrato-de-magnesio-capsulas-2?_pos=3&_sid=61df9ce82&_ss=r
2024-10-02,Citrato de Magnesio (otro),Búho Chile,5841.0,Green Medical,False,True,Magnesio,,Citrato De Magnesio 500 Mg 60 Cápsulas,https://www.buhochile.com/products/citrato-de-magnesio-500-mg-60-capsulas-green-medical?productId=7a60c70b-fd6f-419c-b982-e791c16e4410
2024-10-02,Tibolona: Climaval,Salcobrand,11649.0,Laboratorio Saval S.A.,True,True,Tibolona,579925,Climaval (B) Tibolona 2.5mg 30 Comprimidos,https://salcobrand.cl/products/climaval-b-tibolona-2-5mg-30-comprimidos?default_sku=579925&queryID=e0da6d19cbf434a95bbcda3aa66ecc5d
2024-10-02,Tibolona: Climaval,Farmacias Ahumada,27945.0,Saval S.A.,,True,Tibolona,,"CLIMAVAL Tibolona 2,50 mg 30 comprimidos",https://www.farmaciasahumada.cl/climaval-tibolona-2-50-mg-30-comprimidos-90035.html
2024-10-02,Tibolona: Climaval,EcoFarmacias,15690.0,,,False,,7800060157842,Climaval Tibolona 2.5 x 30 Comprimidos,https://www.ecofarmacias.cl/producto/climaval-tobilona-2-5-x-30-comprimidos/
2024-10-02,Tibolona: Climaval,Farmacia Meki,14354.0,Saval,True,True,Tibolona,,Climaval,https://farmaciameki.cl/producto/climaval-25-mg-saval-d551
2024-10-02,Tibolona: Climaval,Farmaloop,,Laboratorios Saval S A,,False,Tibolona,,CLIMAVAL 2.5 MG 30 COMPRIMIDOS,https://www.farmaloop.cl/products/climaval-25-mg-30-comprimidos-140541/
2024-10-02,Tibolona: Climaval,Anticonceptivo.cl,17840.0,Saval,,False,"Tibolona 2,5 Mg",2801017,CLIMAVAL,https://anticonceptivo.cl/producto/climaval
2024-10-02,Tibolona: Lirex,Salcobrand,22049.0,Laboratorio Andrómaco Farma.,True,True,Tibolona,3025971,Lirex (B) Tibolona 2.5mg 30 Comprimidos,https://salcobrand.cl/products/tibolona-2-5mg-oral-solido-b2f18b6e-1b69-4e46-844c-f968d67e2fca?default_sku=3025971&queryID=1dcc0978cce7b57a95b2cd8ffb70c755
2024-10-02,Tibolona: Lirex,Farmacias Ahumada,23596.0,Silesia S.A.,,True,Tibolona,,Lirex 2.5 mg x 30 Comprimidos,https://www.farmaciasahumada.cl/lirex-2.5-mg-x-30-comprimidos-40271.html
2024-10-02,Tibolona: Lirex,Cruz Verde,17454.0,Silesia,,,,,"Lirex Tibolona 2,5 mg 30 Comprimidos",https://www.cruzverde.cl/lirex-tibolona-25-mg-30-comprimidos/67406.html
2024-10-02,Tibolona: Lirex,Farmex,22590.0,Silesia,,True,,7800020084409,"Lirex 2,5 mg x 30 comprimidos",https://farmex.cl/products/lirex-2-5-mg-x-30-comprimidos?_pos=1&_sid=eba3aed21&_ss=r
2024-10-02,Tibolona: Lirex,EcoFarmacias,20980.0,,,True,,7800020084409,Lirex 2.5 x 30 comprimidos,https://www.ecofarmacias.cl/producto/lirex-2-5-x-30/
2024-10-02,Tibolona: Lirex,Farmacias Dr Simi,19800.0,,True,True,Tibolona,BE0110,Lirex - Tibolona 2.5 mg Comprimidos,https://www.drsimi.cl/lirex-tibolona-2-5-mg-30-comprimidos/p
2024-10-02,Tibolona: Lirex,Farmacia Meki,16930.0,Silesia,True,True,Tibolona,,Lirex,https://farmaciameki.cl/producto/lirex-25-mg-silesia-4c63
2024-10-02,Tibolona: Lirex,Farmaloop,,Laboratorios Silesia Sa,,False,"Tibolona 2,5 Mg",,"LIREX 2,5 MG X 30 COMPRIMIDOS",https://www.farmaloop.cl/products/lirex-25-mg-x-30-comprimidos-107629/
2024-10-02,Tibolona: Lirex,Farmacia JVF,19990.0,Silesia,True,True,"Tibolona 2,5 Mg",,"Lirex 2,5 mg x 30 Comprimidos",https://farmaciajvf.com/products/lirex-x-30-comprimidos-farmacias-jvf
2024-10-02,Tibolona: Lirex,Anticonceptivo.cl,20790.0,Silesia,,False,"Tibolona 2,5 Mg",963483,LIREX,https://anticonceptivo.cl/producto/lirex
2024-10-02,Tibolona: Lirex,Farmacia El Químico,9790.0,Silesia,,False,Tibolona,C85,"Lirex Comprimidos 2,5mg Producto Cenabast",https://farmaciaelquimico.cl/products/lirex-comprimidos-2-5mg?_pos=1&_sid=c428fe9b6&_ss=r
2024-10-02,Tibolona: Lirex,Profar,23740.0,Laboratorios Andrómaco,,True,Tibolona,(BE),LIREX,https://www.profar.cl/lirex-be-x-30-comp-106532/p
2024-10-02,Tibolona: Lirex,MercadoFarma,18490.0,Silesia,,False,,,"Lirex 2,5mg 30 Comprimidos",https://www.mercadofarma.cl/products/lirex-2-5mg-30-comprimidos
2024-10-02,Tibolona: Lirex,Búho Chile,22590.0,Silesia,True,True,Tibolona,,"Lirex 2,5 Mg 30 Comprimidos",https://www.buhochile.com/products/lirex-25-mg-30-comprimidos-silesia?productId=7b366a71-8d3f-4d2e-8d8f-889d8b02b174
2024-10-02,Tibolona: Tobe,Salcobrand,13149.0,Laboratorio Chile.,True,True,Tibolona,432928,Tobe Tibolona 2.5mg 30 Comprimidos Recubiertos,https://salcobrand.cl/products/tobe-2-5mg?default_sku=432928&queryID=8a08fbce96f5527b26dedac07de52cee
2024-10-02,Tibolona: Tobe,Farmacias Ahumada,13498.0,Chile,,True,Tibolona,,Tobe 2.5 mg x 30 Comprimidos Recubiertos,https://www.farmaciasahumada.cl/tobe-2.5-mg-x-30-comprimidos-recubiertos-37770.html
2024-10-02,Tibolona: Tobe,Cruz Verde,12490.0,Chile Recetario,,,,,"Tobe Tibolona 2,5 mg 30 Comprimidos",https://www.cruzverde.cl/tobe-tibolona-25-mg-30-comprimidos/1495.html
2024-10-02,Tibolona: Tobe,Farmex,14990.0,Teva,,True,,7800007713827,"Tobe 2,5 mg x 30 comprimidos ( vencimiento noviembre 2024)",https://farmex.cl/products/tobe-tabletas-recubie-tibolona?_pos=3&_sid=eba3aed21&_ss=r
2024-10-02,Tibolona: Tobe,EcoFarmacias,19980.0,,,True,,7800007713827,Tobe 2.5 x 30 comprimidos,https://www.ecofarmacias.cl/producto/tobe-2-5-x-30/
2024-10-02,Tibolona: Tobe,Farmacia Meki,12115.0,Laboratorio Chile,False,True,Tibolona,,Tobe,https://farmaciameki.cl/producto/tobe-25-mg-laboratorio-chile-0d53
2024-10-02,Tibolona: Tobe,Farmaloop,23460.0,Laboratorio Chile S A,,True,"Tibolona 2,5 Mg",,"TOBE 2,5 MG X 30 COMPRIMIDOS",https://www.farmaloop.cl/products/tobe-25-mg-x-30-comprimidos-91216/
2024-10-02,Tibolona: Tobe,Farmacia JVF,0.0,Chile,False,True,"Tibolona 2,5 Mg",,"Tobe 2,5 mg x 30 Comprimidos Recubiertos",https://farmaciajvf.com/products/tobe-25-mg-x-30-comprimidos-recubiertos-farmacias-jvf
2024-10-02,Tibolona: Tobe,Anticonceptivo.cl,21990.0,Laboratorio Chile,,False,"Tibolona 2,5 Mg",379806,TOBE,https://anticonceptivo.cl/producto/tobe
2024-10-02,Tibolona: Reduclim,Salcobrand,13399.0,Laboratorio Deutsche Pharma.,False,True,Tibolona,8801230,Reduclim (B) Tibolona 2.5mg 35 Comprimidos,https://salcobrand.cl/products/reduclim-b-tibolona-2-5mg-35-comprimidos?default_sku=8801230&queryID=5c4f89493a76079bb6d0d02196a1255c
2024-10-02,Tibolona: Reduclim,Farmacias Ahumada,23657.0,Deutsche Pharma,,True,Tibolona,,Reduclim 2.5 mg x 35 Comprimidos,https://www.farmaciasahumada.cl/reduclim-2.5-mg-x-35-comprimidos-87268.html
2024-10-02,Tibolona: Reduclim,Cruz Verde,28072.0,Deutsche Pharma,,,,,"Reduclim Tibolona 2,5 mg 35 Comprimidos",https://www.cruzverde.cl/reduclim-tibolona-25-mg-35-comprimidos/297129.html
2024-10-02,Tibolona: Reduclim,Farmex,6990.0,Deutsche Pharma,,False,,7804625951890C,"Reduclim (Tibolona) 2,5 mg x 30 comprimidos ""Ley Cenabast",https://farmex.cl/products/reduclim-tibolona-2-5-mg-x-30-comprimidos-ley-cenabast?_pos=4&_sid=eba3aed21&_ss=r
2024-10-02,Tibolona: Reduclim,EcoFarmacias,19980.0,,,True,,7804625951890,"Reduclim 2,5mg x 35 comprimidos",https://www.ecofarmacias.cl/producto/reduclim-25mg-x-35-comprimidos-tibolonacenabast/
2024-10-02,Tibolona: Reduclim,Farmacia Meki,13317.0,Deutsche Pharma,True,True,Tibolona,,Reduclim,https://farmaciameki.cl/producto/reduclim-25-mg-deutsche-pharma-d80d
2024-10-02,Tibolona: Reduclim,Farmaloop,21990.0,Deutsche Pharma S.A.,,True,"Tibolona 2,5 Mg",,"REDUCLIM TIBOLONA 2,5 MG 35 COMPRIMIDOS",https://www.farmaloop.cl/products/reduclim-tibolona-25-mg-35-comprimidos-140809/
2024-10-02,Tibolona: Reduclim,Anticonceptivo.cl,14690.0,Deutsche Pharma,,False,"Tibolona 2,5 Mg",2432382,"REDUCLIM 2,5mg x30COM",https://anticonceptivo.cl/producto/reduclim-25mg-x30com
2024-10-02,Tibolona: Reduclim,Farmacia El Químico,10990.0,Deutsche,,False,Tibolona,C1100,"Reduclim Comprimidos 2,5mg Producto Cenabast",https://farmaciaelquimico.cl/products/reduclim-comprimidos-2-5mg-producto-cenabast?_pos=1&_sid=fde529d66&_ss=r
2024-10-02,Tibolona: Reduclim,MercadoFarma,20190.0,Deutsche,,False,,,"Reduclim 2,5mg 35 Comprimidos",https://www.mercadofarma.cl/products/reduclim-2-5mg-35-comprimidos
2024-10-02,Tibolona: Reduclim,Búho Chile,21990.0,Deutsche Pharma,True,True,Tibolona,,"Reduclim 2,5 Mg 35 Comprimidos",https://www.buhochile.com/products/reduclim-25-mg-35-comprimidos-deutsche-pharma?productId=2eb033a3-cd20-490b-88f7-d3f1e601c478
2024-10-02,Tibolona: Livial,Salcobrand,31919.0,,True,True,Tibolona,2970285,Livial Tibolona 2.5mg 28 Comprimidos,https://salcobrand.cl/products/tibolona-2-5mg-oral-solido?default_sku=2970285&queryID=888bb19d6d113fb016631446fd0121b9
2024-10-02,Tibolona: Livial,Farmacias Ahumada,25737.0,Organon Chile S.P.A.,,True,Tibolona,,Livial 2.5 mg x 28 Comprimidos,https://www.farmaciasahumada.cl/livial-2.5-mg-x-28-comprimidos-7349.html
2024-10-02,Tibolona: Livial,Cruz Verde,35103.0,Organon,,,,,"Livial Tibolona 2,5 mg 28 Comprimidos",https://www.cruzverde.cl/livial-tibolona-25-mg-28-comprimidos/58016.html
2024-10-02,Tibolona: Livial,Farmex,29990.0,Msd,,False,,7800042131112,Livial 2.5 mg x 28 comprimidos,https://farmex.cl/products/livial-2-5-mg-x-28-comp?_pos=5&_sid=eba3aed21&_ss=r
2024-10-02,Tibolona: Livial,Farmacia Meki,28931.0,Msd,False,True,Tibolona,,Livial,https://farmaciameki.cl/producto/livial-25-mg-merck-sharp-and-dohme-(msd)-3330
2024-10-02,Tibolona: Livial,Farmacia JVF,0.0,Merck Sharp & Dohme (Msd),False,False,"Tibolona 2,5 Mg",,"Livial 2,5 mg x 28 Comprimidos","https://farmaciajvf.com/products/livial-2,5-mg-x-28-comprimidos-farmacias-jvf"
2024-10-02,Tibolona: Livial,Anticonceptivo.cl,32120.0,Msd,,False,"Tibolona 2,5 Mg",635241124529,LIVIAL,https://anticonceptivo.cl/producto/livial
2024-10-02,Tibolona: Livial,Búho Chile,0.0,Msd,False,True,Tibolona,,"Livial 2,5 Mg 28 Comprimidos",https://www.buhochile.com/products/livial-25-mg-25mg-28-comprimidos-msd?productId=576f70ac-4ba1-4d7d-9c57-62237d8d6b5e
2024-10-02,Clinomat,Salcobrand,21359.0,Laboratorio Recalcine.,False,True,Drospirenona - Estradiol,2838974,Clinomat Drospirenona / Estradiol 30 Comprimidos Recubiertos,https://salcobrand.cl/products/clinomat-drospirenona-estradiol-30-comprimidos-recubiertos?default_sku=2838974&queryID=bfe82c2125fc5f2fe1d1aa96699bde2f
2024-10-02,Clinomat,Farmacias Ahumada,27995.0,Recalcine S.A.,,True,Estradiol-Drospirenona-Lactosa Monohidrato,,Clinomat x 30 Comprimidos Recubiertos,https://www.farmaciasahumada.cl/clinomat-x-30-comprimidos-recubiertos-49206.html
2024-10-02,Clinomat,Cruz Verde,23267.0,Recalcine,,,,,Clinomat Drospirenona 2 mg Estradiol 1 mg 30 Comprimidos Recubierto,https://www.cruzverde.cl/clinomat-drospirenona-2-mg-estradiol-1-mg-30-comprimidos-recubierto/253796.html
2024-10-02,Clinomat,EcoFarmacias,18990.0,,,True,,7800026089743,Clinomat x 30 comprimidos,https://www.ecofarmacias.cl/producto/clinomat-x-30-comprimidos/
2024-10-02,Clinomat,Farmacias Dr Simi,18880.0,,False,True,Drospirenona 2 Mg/ Estradiol 1Mg,CH5967,Clinomat - 30 Comprimidos Recubiertos,https://www.drsimi.cl/clinomat-30-comprimidos-recubiertos/p
2024-10-02,Clinomat,Farmacia Meki,18314.0,Abbott,False,True,Estradiol ; Drospirenona,,Clinomat,https://farmaciameki.cl/producto/clinomat-1-mg-2-mg-abbott-0bf6
2024-10-02,Clinomat,Farmaloop,22490.0,Laboratorios Recalcine Sa,,True,Estradiol 1 Mg/Drospirenona 2 Mg,,CLINOMAT X 30 COMPRIMIDOS,https://www.farmaloop.cl/products/clinomat-x-30-comprimidos-105919/
2024-10-02,Clinomat,Farmacia JVF,20990.0,Abbott,False,True,Estradiol 1 Mg Drospirenona 2 Mg Lactosa Monohidrato,,Clinomat x 30 Comprimidos Recubiertos,https://farmaciajvf.com/products/clinomat-x-30-comprimidos-recubiertos-farmacias-jvf
2024-10-02,Clinomat,Anticonceptivo.cl,19940.0,Abbott,,False,Drospirenona 2Mg / Estradiol 1Mg,2391311,CLINOMAT,https://anticonceptivo.cl/producto/clinomat?
2024-10-02,Clinomat,Farmacia El Químico,16990.0,Abbott,,True, Drospirenona 2Mg,7800026089743,Clinomat Comprimidos Recubiertos,https://farmaciaelquimico.cl/products/clinomat?_pos=1&_sid=f3eba3de4&_ss=r
2024-10-02,Clinomat,MercadoFarma,21490.0,Abbott,,True,,,Clinomat 30 Comprimidos recubiertos,https://www.mercadofarma.cl/products/clinomat-30-comprimidos-recubiertos
2024-10-02,Clinomat,Búho Chile,17980.0,Abbott,True,True,Drospirenona;Estradiol,,Clinomat 30 Comprimidos Recubiertos,https://www.buhochile.com/products/clinomat-2-mg-1-mg-30-comprimidos-recubiertos-abbott?productId=018ec109-641f-406a-a39e-de7f7296c7f3
2024-10-02,Colecalciferol: Acuode polvo oral,Salcobrand,9549.0,Laboratorio Recalcine.,False,True,Colecalciferol,2830479,Acuode Colecalciferol 50.000UI Polvo Oral 2 Sobres,https://salcobrand.cl/products/acuode-colecalciferol-50-000ui-polvo-oral-2-sobres?default_sku=2830479&queryID=09a8243ae05d21adeba238f4d58b5812
2024-10-02,Colecalciferol: Acuode polvo oral,Farmacias Ahumada,18495.0,Lafi,,True,Colecalciferol (Vitamina D3),,Acuode 50000 UI x 2 Sobres Polvo Para Solución Oral,https://www.farmaciasahumada.cl/acuode-50000-ui-x-2-sobres-polvo-para-solucion-oral-82302.html
2024-10-02,Colecalciferol: Acuode polvo oral,Farmex,15700.0,Abbott,,True,,7800026004791,Acuode 50.000 U.I. x 2 sobres,https://farmex.cl/products/acuode-1?_pos=2&_sid=2be3ed63c&_ss=r
2024-10-02,Colecalciferol: Acuode polvo oral,EcoFarmacias,8990.0,,,True,,7800026004791,Acuode colecalciferol 50.000 Ui polvo oral 2 sobres,https://www.ecofarmacias.cl/producto/acuode-colecalciferol-50-000-ui-polvo-oral-2-sobres/
2024-10-02,Colecalciferol: Acuode polvo oral,Farmacia Meki,9263.0,Abbott,False,True,Vitamina D3,,Acuode,https://farmaciameki.cl/producto/acuode-50.000-u.i.-abbott-2cea
2024-10-02,Colecalciferol: Acuode polvo oral,Farmaloop,13900.0,Laboratorios Recalcine Sa,,True,Vitamina D3,,ACUODE 50000 UI X 2 SOBRES POLVO PARA SOLUCIÓN ORAL,https://www.farmaloop.cl/products/acuode-50000-ui-x-2-sobres-polvo-para-solucion-oral-104697/
2024-10-02,Colecalciferol: Acuode polvo oral,Farmacia JVF,0.0,Abbott,False,True,Colecalciferol (Vitamina D3) 50000 Ui,,Acuode 50000 UI x 2 Sobres Polvo Para Solucion Oral,https://farmaciajvf.com/products/acuode-50000-ui-Solucion-oral-x-2-sobres-farmacias-jvf
2024-10-02,Colecalciferol: Acuode polvo oral,Anticonceptivo.cl,20790.0,Abbott,,True,Colecalciferol 50.000 Ul,56464596796456,Acuode Colecalciferol 50.000 Ui Polvo Oral 2 Sobres,https://anticonceptivo.cl/producto/acuode-colecalciferol-50.000-ui-polvo-oral-2-sobres
2024-10-02,Colecalciferol: Acuode polvo oral,Farmacia El Químico,14990.0,Abbott,,False,Colecalciferol (Vitamina D),7800026005248,Acuode Solución Oral 300.000UI,https://farmaciaelquimico.cl/products/acuode-300000ui-abbott?_pos=1&_sid=b1da81cc3&_ss=r
2024-10-02,Colecalciferol: Acuode polvo oral,MercadoFarma,15190.0,Abbott,,False,,,Acuode 50.000 UI Polvo Para Solución Oral 2 Sobres,https://www.mercadofarma.cl/products/acuode-colecalciferol-50-000-ui-polvo-para-solucion-oral-2-sobres
2024-10-02,Colecalciferol: Acuode polvo oral,Búho Chile,9930.0,Abbott,False,True,Colecalciferol (Vitamina D3),,Acuode 50 000 Ui 2 Sachets,https://www.buhochile.com/products/acuode-50-000-ui-50000-ui-2-sachets-abbott?productId=cb1b5c91-b09d-4ede-9960-6e4b33d35351
2024-10-02,Colecalciferol: Bonavid Colecalciferol,Salcobrand,14299.0,Laboratorio Pasteur.,False,True,Colecalciferol,584399,Bonavid Colecalciferol 50.000UI 4 Cápsulas Blandas,https://salcobrand.cl/products/bonavid-colecalciferol-50-000ui-4-capsulas-blandas?default_sku=584399&queryID=09a8243ae05d21adeba238f4d58b5812
2024-10-02,Colecalciferol: Bonavid Colecalciferol,Farmacias Ahumada,31496.0,Deutsche Pharma,,True,Promestrieno,,Colpotrophine 10 mg x 20 Cápsulas Blandas Vaginales,https://www.farmaciasahumada.cl/colpotrophine-10-mg-x-20-capsulas-blandas-vaginales-78006.html
2024-10-02,Colecalciferol: Bonavid Colecalciferol,Cruz Verde,35543.0,Deutsche Pharma,,,,,Colpotrophine Promestrieno 10 mg 20 Cápsulas Blandas Vaginales,https://www.cruzverde.cl/colpotrophine-promestrieno-10-mg-20-capsulas-blandas-vaginales/267736.html
2024-10-02,Colecalciferol: Bonavid Colecalciferol,EcoFarmacias,27190.0,,,False,,7800007801944,Colpotrophine Promestrieno Crema Vaginal 30g,https://www.ecofarmacias.cl/producto/colpotrophine-promestrieno-crema-vaginal-30-gr-contiene-aplicador/
2024-10-02,Colecalciferol: Bonavid Colecalciferol,Farmacia Meki,27431.0,Laboratorio Chile,False,True,Promestrieno,,Colpotrophine,https://farmaciameki.cl/producto/colpotrophine-10-mg-laboratorio-chile-f503
2024-10-02,Colecalciferol: Bonavid Colecalciferol,Farmaloop,,Laboratorio Chile S A,,False,Promestrieno 10 Mg,,COLPOTROPHINE 10 MG X 20 CÁPSULAS VAGINALES,https://www.farmaloop.cl/products/colpotrophine-10-mg-x-20-capsulas-vaginales-91351/
2024-10-02,Colecalciferol: Bonavid Colecalciferol,Farmacia El Químico,31990.0,Teva,,True,Promestrieno 10Mg,7800007801920,Colpotrophine Cápsulas Blandas Vaginales,https://farmaciaelquimico.cl/products/colpotrophine-capsulas-blandas-vaginales?_pos=1&_sid=0252a78b6&_ss=r
2024-10-02,Colecalciferol: Bonavid Colecalciferol,Búho Chile,32312.0,Laboratorio Chile,False,True,Promestrieno,,Colpotrophine 20 Cápsulas Vaginales,https://www.buhochile.com/products/colpotrophine-10-mg-20-capsulas-vaginales-laboratorio-chile?productId=1167e47a-a02e-40fd-b424-d33bd621237c
2024-10-02,Colpotrophine: cápsulas vaginales,Salcobrand,28279.0,Laboratorio Chile.,False,True,Promestrieno,430192,Colpotrophine Promestrieno 10mg 20 Cápsulas Blandas Vaginales,https://salcobrand.cl/products/promestrieno-10mg-ovulo?default_sku=430192&queryID=baeb4f1ef30dda7983eef63e6cb461ee
2024-10-02,Colpotrophine: cápsulas vaginales,Farmacias Ahumada,31496.0,Deutsche Pharma,,True,Promestrieno,,Colpotrophine 10 mg x 20 Cápsulas Blandas Vaginales,https://www.farmaciasahumada.cl/colpotrophine-10-mg-x-20-capsulas-blandas-vaginales-78006.html
2024-10-02,Colpotrophine: cápsulas vaginales,Cruz Verde,35543.0,Deutsche Pharma,,,,,Colpotrophine Promestrieno 10 mg 20 Cápsulas Blandas Vaginales,https://www.cruzverde.cl/colpotrophine-promestrieno-10-mg-20-capsulas-blandas-vaginales/267736.html
2024-10-02,Colpotrophine: cápsulas vaginales,EcoFarmacias,27190.0,,,False,,7800007801944,Colpotrophine Promestrieno Crema Vaginal 30g,https://www.ecofarmacias.cl/producto/colpotrophine-promestrieno-crema-vaginal-30-gr-contiene-aplicador/
2024-10-02,Colpotrophine: cápsulas vaginales,Farmacia Meki,27431.0,Laboratorio Chile,False,True,Promestrieno,,Colpotrophine,https://farmaciameki.cl/producto/colpotrophine-10-mg-laboratorio-chile-f503
2024-10-02,Colpotrophine: cápsulas vaginales,Farmaloop,,Laboratorio Chile S A,,False,Promestrieno 10 Mg,,COLPOTROPHINE 10 MG X 20 CÁPSULAS VAGINALES,https://www.farmaloop.cl/products/colpotrophine-10-mg-x-20-capsulas-vaginales-91351/
2024-10-02,Colpotrophine: cápsulas vaginales,Farmacia El Químico,31990.0,Teva,,True,Promestrieno 10Mg,7800007801920,Colpotrophine Cápsulas Blandas Vaginales,https://farmaciaelquimico.cl/products/colpotrophine-capsulas-blandas-vaginales?_pos=1&_sid=0252a78b6&_ss=r
2024-10-02,Colpotrophine: cápsulas vaginales,Búho Chile,32312.0,Laboratorio Chile,False,True,Promestrieno,,Colpotrophine 20 Cápsulas Vaginales,https://www.buhochile.com/products/colpotrophine-10-mg-20-capsulas-vaginales-laboratorio-chile?productId=1167e47a-a02e-40fd-b424-d33bd621237c
2024-10-02,Ovestin óvulos vaginales,Salcobrand,20879.0,,False,True,Estriol,1160420,Ovestin 0.5 Mg. 15 Ovulos,https://salcobrand.cl/products/estriol-0-5mg-ovulo?srsltid=AfmBOoqSfNjr-ggiQrj8JSEJ9IFIJiTZaKbsdm-Sjh4qjheNrMNQ_9om
2024-10-02,Ovestin óvulos vaginales,Farmacias Ahumada,18847.0,Aspen Chile Farma,,True,Estriol,,Ovestin 0.5 mg x 15 Óvulos Vaginales,https://www.farmaciasahumada.cl/ovestin-0.5-mg-x-15-ovulos-vaginales-7271.html?srsltid=AfmBOooOLU9DsxxbWTS6TJ7XUFD6MNtMh5dlhTaxsaIagbBwLAyZjWyS
2024-10-02,Ovestin óvulos vaginales,Farmex,26990.0,Aspen,,True,,6091403215454,"Ovestin 0,5 mg x 15 óvulos",https://farmex.cl/products/ovestin-0-5-mg-x-15-ovulos
2024-10-02,Ovestin óvulos vaginales,EcoFarmacias,24690.0,,,True,,6091403215454,"Ovestin 0,5 mg x 15 Óvulos",https://www.ecofarmacias.cl/producto/ovestin-05-mg-x-15-ovulos/
2024-10-02,Ovestin óvulos vaginales,Farmacia El Químico,24990.0,Aspen,,True, Estriol,1611175555857,"Ovestin Óvulos 0,5mg",https://farmaciaelquimico.cl/products/ovestin-ovulos-0-5mg?srsltid=AfmBOooldh9MqZohrATLeimuw3krKlq9lj6VHFy4u1lfE3vh5dVP9u-v
2024-10-02,Ovestin óvulos vaginales,MercadoFarma,28190.0,Aspen,,True,,,"Ovestin 0,5mg 15 ovulos vaginales",https://www.mercadofarma.cl/products/ovestin-0-5mg-15-ovulos-vaginales?srsltid=AfmBOopT2IFL_ogaAcRo8WtKFXwjpkzLSKyJ591kBxINVLOFc7WZCEVp
2024-10-02,Colpotrophine: crema vaginal,Salcobrand,20509.0,Laboratorio Chile.,False,True,Promestrieno,430194,Colpotrophine 1% Promestrieno Crema Vaginal 30g,https://salcobrand.cl/products/crema-vaginal-colpotrophine-1?default_sku=430194&queryID=baeb4f1ef30dda7983eef63e6cb461ee
2024-10-02,Colpotrophine: crema vaginal,Farmacias Ahumada,23996.0,Deutsche Pharma,,True,Promestrieno,,Colpotrophine 1% x 30 g Crema Vaginal,https://www.farmaciasahumada.cl/colpotrophine-1-x-30-g-crema-vaginal-80511.html
2024-10-02,Colpotrophine: crema vaginal,Cruz Verde,25775.0,Deutsche Pharma,,,,,Colpotrophine 1% Promestrieno 1 gr Crema Vaginal 30 gr,https://www.cruzverde.cl/colpotrophine-1-promestrieno-1-gr-crema-vaginal-30-gr/272015.html
2024-10-02,Colpotrophine: crema vaginal,Farmex,28990.0,Teva,,False,,7800007801944,Colpotrophine 1% Crema Vaginal x 30 g,https://farmex.cl/products/colpotrophine-1-crema-vaginal-x30-gr?_pos=1&_sid=3d54e84f5&_ss=r
2024-10-02,Colpotrophine: crema vaginal,EcoFarmacias,31980.0,,,False,,7800007801920,Colpotrophine Promestrieno 10 mg x 20 Capsulas Blandas Vaginales,https://www.ecofarmacias.cl/producto/colpotrophine-promestrieno-10-mg-x-20-capsulas-blandas-vaginales/
2024-10-02,Colpotrophine: crema vaginal,Farmacia Meki,25564.0,Laboratorio Chile,False,True,Promestrieno,,Colpotrophine,https://farmaciameki.cl/producto/colpotrophine-1-percent-laboratorio-chile-6632
2024-10-02,Colpotrophine: crema vaginal,Farmacia El Químico,26990.0,Laboratorio Chile,,True,Promestrieno ,7800007801944,Colpotrophine Crema Vaginal 1%,https://farmaciaelquimico.cl/products/colpotrophine-crema-vaginal-1?_pos=2&_sid=0252a78b6&_ss=r
2024-10-02,Colpotrophine: crema vaginal,Búho Chile,0.0,Laboratorio Chile,False,True,Promestrieno,,Colpotrophine 1% 30 g Crema Vaginal,https://www.buhochile.com/products/colpotrophine-1-001-30-g-crema-vaginal-laboratorio-chile?productId=b5356c0c-0920-4efd-b96e-edac16c3cea4
2024-10-02,Donabel 2/1,Salcobrand,18959.0,,False,True,Dienogest - Estradiol Valerato,1050022,Donabel 2/1 Dienogest / Estradiol 28 Comprimidos Recubiertos,https://salcobrand.cl/products/drospirenona-3mg-etinilestradiol-0-02mg-levomefolato-de-calcio-0-451mg-levomefolato-de-calcio?default_sku=1050022&queryID=150165b7177dff99a97264a348affddb
2024-10-02,Donabel 2/1,Farmacias Ahumada,24645.0,Exeltis,,True,Estradiol Valerato-Dienogest,,Donabel 2/1 x 28 Comprimidos Recubiertos,https://www.farmaciasahumada.cl/donabel-2-1-x-28-comprimidos-recubiertos-85534.html
2024-10-02,Donabel 2/1,Cruz Verde,20847.0,Exeltis,,,,,Donabel 2/1 Dienogest 2 mg Estradiol Valerato 1 mg 28 comprimidos Recubiertos,https://www.cruzverde.cl/donabel-21-dienogest-2-mg-estradiol-valerato-1-mg-28-comprimidos-recubiertos/293828.html
2024-10-02,Donabel 2/1,EcoFarmacias,7190.0,,,True,,4004229,"Dienogest Etinilestradiol 2mg 0,03mg por 28 comp",https://www.ecofarmacias.cl/producto/dienogest-etinilestradiol-2mg-003mg-por-28-comp-cenabast/
2024-10-02,Donabel 2/1,Farmacia Meki,18383.0,Exeltis,False,True,Dienogest ; Estradiol Valerato,,Donabel 2/1,https://farmaciameki.cl/producto/donabel-21-2-mg-1-mg-exeltis-1428
2024-10-02,Donabel 2/1,Farmaloop,,Exeltis Chile Spa,,False,Dienogest  /Estradiol Valerato,,DONABEL 2/1 X 28 COMPRIMIDOS RECUBIERTOS,https://www.farmaloop.cl/products/donabel-21-x-28-comprimidos-recubiertos-140032/
2024-10-02,Donabel 2/1,Anticonceptivo.cl,18790.0,Exeltis,,True,"Dienogest 2,00 Mg | Estradiol Valerato 1,00 Mg",21118,DONABEL 2/1,https://anticonceptivo.cl/producto/donabel-21?
2024-10-02,Donabel 2/1,Farmacia El Químico,16990.0,Exeltis,,False, Dienogest Y Estradiol,7804656600224,Donabel Comprimidos Recubiertos 2/1,https://farmaciaelquimico.cl/products/donabel-comprimidos-recubiertos-2-1?_pos=1&_sid=79a42360c&_ss=r
2024-10-02,Donabel 2/1,MercadoFarma,17890.0,Exeltis,,False,,,Donabel 2/1 28 comprimidos Recubiertos,https://www.mercadofarma.cl/products/donabel-2-1-dienogest-2-mg-estradiol-valerato-1-mg-28-comprimidos-recubiertos?variant=43706742505730
2024-10-02,Drovelis,Salcobrand,16169.0,Laboratorio Gedeon Richter Chile.,False,True,Drospirenona - Estetrol,585782,Drovelis Drospirenona / Estetrol 28 Comprimidos Recubiertos,https://salcobrand.cl/products/drovelis-drospirenona-estetrol-28-comprimidos-recubiertos?default_sku=585782&queryID=eee9750ceda14949828bd4208deec307
2024-10-02,Drovelis,Farmacias Ahumada,23995.0,Gedeon Richter Chile Spa,,True,Drospirenona-Estetrol Monohidrato,,Drovelis x 28 Comprimidos Recubiertos,https://www.farmaciasahumada.cl/drovelis-x-28-comprimidos-recubiertos-92615.html
2024-10-02,Drovelis,Cruz Verde,13854.0,Gedeon Richter,,,,,"Drovelis Drospirenona 3mg/ Estetrol 14,2mg 28 Comprimidos Recubiertos",https://www.cruzverde.cl/drovelis-drospirenona-3mg-estetrol-142mg-28-comprimidos-recubiertos/550945.html
2024-10-02,Drovelis,Farmacia Meki,17731.0,Gedeon Richter,False,True,Drospirenona ; Estretol,,Drovelis,https://farmaciameki.cl/producto/drovelis-3-mg-14-2-mg-gedeon-richter-c24d
2024-10-02,Drovelis,Farmaloop,21990.0,Gedeon Richter,,True,Drospirenona 3 Mg,,DROVELIS X 28 COMPRIMIDOS RECUBIERTOS,https://www.farmaloop.cl/products/drovelis-x-28-comprimidos-recubiertos-150677/
2024-10-02,Drovelis,Anticonceptivo.cl,19990.0,Gedeon Richter,,True,"Drospirenona/Estetrol 3 Mg/14,2 Mg",8500,"Drovelis Drospirenona 3 mg/estetrol 14,2 mg x 28 comprimidos",https://anticonceptivo.cl/producto/drovelis-drospirenona-3-mgestetrol-142-mg-x-28-comprimidos?
2024-10-02,Duphaston,Salcobrand,20639.0,Laboratorio Recalcine.,False,True,Didrogesterona,12016,Duphaston Didrogesterona 10mg 20 Comprimidos Recubiertos,https://salcobrand.cl/products/duphaston-didrogesterona-10mg-20-comprimidos-recubiertos?default_sku=12016&queryID=b0d6270fae1f2f39a557e826b5834b4f
2024-10-02,Duphaston,Farmex,19990.0,Abbott,,True,,7800009001410,Duphaston 10 mg x 20 comprimidos,https://farmex.cl/products/duphaston-10-mg-x-20-comprimidos?_pos=1&_sid=2f6d7b5d9&_ss=r
2024-10-02,Duphaston,Farmacia Meki,20020.0,Abbott,False,True,Didrogesterona,,Duphaston,https://farmaciameki.cl/producto/duphaston-10-mg-abbott-75b4
2024-10-02,Duphaston,Farmaloop,19060.0,Abbott Laboratories De Chile Ltda.,,True,Didrogesterona 10 Mg,,DUPHASTON 10 MG X 20 COMPRIMIDOS RECUBIERTOS,https://www.farmaloop.cl/products/duphaston-10-mg-x-20-comprimidos-recubiertos-140650/
2024-10-02,Duphaston,Farmacia JVF,0.0,Abbott,False,False,Didrogesterona 10 Mg,,Duphaston 10 mg x 20 Comprimidos Recubiertos,https://farmaciajvf.com/products/duphaston-10-mg-comprimidos-recuebirtos-x-20-farmacias-jvf
2024-10-02,Duphaston,Anticonceptivo.cl,23980.0,Abbott,,True,Didrogesterona 10 Mg,10115,Duphaston 10 mg 20 Comprimidos Recubiertos,https://anticonceptivo.cl/producto/duphaston-10-mg-20-comprimidos-recubiertos?
2024-10-02,Duphaston,Farmacia El Químico,18490.0,Abbott,,True,Didrogesterona,7800009001410,Duphaston Tabletas 10mg,https://farmaciaelquimico.cl/products/duphaston-tabletas-10mg?_pos=1&_sid=6a343195f&_ss=r
2024-10-02,Duphaston,Búho Chile,19790.0,Abbott,False,True,Didrogesterona,,Duphaston 10 Mg 20 Comprimidos,https://www.buhochile.com/products/duphaston-10-mg-20-comprimidos-abbott?productId=a6854796-cc75-47f0-bcb4-a370d08effda
2024-10-02,Elcald Plus,Salcobrand,16079.0,,False,True,Calcio - Vitamina D3,35943,Elcal D Plus Calcio/Vitamina D3 60 Cápsulas,https://salcobrand.cl/products/elcal-d-plus-de-60-capsulas?default_sku=35943&queryID=21117f99e4cb2b5f97d8ee301cdf2984
2024-10-02,Elcald Plus,Farmex,14490.0,Andromaco,,True,,7800018000503,Elcal D Plus x 60 cápsulas,https://farmex.cl/products/elcal-d-plus-x-60-capsulas?_pos=1&_sid=d63abd5c1&_ss=r
2024-10-02,Elcald Plus,EcoFarmacias,2930.0,,,True,,7804665000077,Calcio Vitamina D 500 Mg / 400 U.I x 60 Comprimidos,https://www.ecofarmacias.cl/producto/calcio-vitamina-d-500-mg-400-u-i-x-100-comprimidos/
2024-10-02,Elcald Plus,Farmacias Dr Simi,13000.0,,False,True,Calcio 500 Mg / Vitamina D3 4 Mg,CH6026,Elcal D Plus - 60 Cápsulas,https://www.drsimi.cl/elcal-d-plus-60-capsulas/p
2024-10-02,Elcald Plus,Farmacia Meki,8707.0,Andrómaco,False,True,Calcio ; Vitamina D3,,Elcal D Plus,https://farmaciameki.cl/producto/elcal-d-plus-500-mg-400-u.i.-andromaco-601d
2024-10-02,Elcald Plus,Farmaloop,12190.0,Laboratorios Andromaco S A,,True,Calcio  /Vitamina D3,,ELCAL D PLUS X 60 CAPSULAS,https://www.farmaloop.cl/products/elcal-d-plus-x-60-capsulas-98858/
2024-10-02,Elcald Plus,Farmacia JVF,14990.0,Andromaco,False,True,Carbonato De Calcio 800 Mg Colecalciferol (Vitamina D3) 125 Ui,,Elcal D x 60 Cápsulas,https://farmaciajvf.com/products/elcal-d-x-60-capsulas-farmacias-jvf
2024-10-02,Elcald Plus,Farmacia El Químico,9490.0,Andrómaco,,True,Calcio 500Mg Y Vitamina D3 400 U.I.,7800018000824,ElcalD Plus Cápsulas,https://farmaciaelquimico.cl/products/elcald-plus-500-400-capsulas?_pos=2&_sid=275b35da4&_ss=r
2024-10-02,Elcald Plus,Búho Chile,8170.0,Andromaco,False,True,Carbonato De Calcio; Vitamina D3,,Elcal D Plus 30 Cápsulas,https://www.buhochile.com/products/elcal-d-plus-500-mg-400-ui-30-capsulas-andromaco?productId=4237fd2d-1811-4af3-bd2a-f63e3414975f
2024-10-02,Estreva gel,Salcobrand,25574.0,Laboratorio Chile.,False,True,Estradiol,434662,"Estreva Estradiol 0,1% Gel Tópico 50g",https://salcobrand.cl/products/estreva-estradiol-0-1-gel-topico-50g?srsltid=AfmBOoro8WegJASMY2EsBzMBxFh9t7Y6gjBma5Rao7cQVKs55nVkn_lp
2024-10-02,Estreva gel,Farmacias Ahumada,26584.0,Deutsche Pharma,,True,Estradiol Hemihidrato,,Estreva 0.1 % x 50 g Gel con Dosificador,https://www.farmaciasahumada.cl/estreva-0.1-x-50-g-gel-con-dosificador-25987.html
2024-10-02,Estreva gel,Cruz Verde,29999.0,Deutsche Pharma,,,,,"Estreva Gel Tópico 0,1% 50 g",https://www.cruzverde.cl/estreva-gel-topico-01-50-g/11146.html
2024-10-02,Estreva gel,EcoFarmacias,28980.0,,,True,,7800007807380,Estreva Gel 0.1% estradiol 50g,https://www.ecofarmacias.cl/producto/estreva-gel-0-1-estradiol/
2024-10-02,Estreva gel,Farmacia Meki,28626.0,Laboratorio Chile,False,True,Estradiol,,Estreva,https://farmaciameki.cl/producto/estreva-01-percent-laboratorio-chile-0bb4
2024-10-02,Estreva gel,Farmaloop,31850.0,Laboratorio Chile S A,,True,Estradiol,,"ESTREVA 0,1 % X 50 G GEL TÓPICO CON DOSIFICADOR",https://www.farmaloop.cl/products/estreva-01-x-50-g-gel-topico-con-dosificador-138418/
2024-10-02,Estreva gel,Farmacia JVF,0.0,Chile,False,True,"Estradiol 0,1%",,"Estreva 0,1 % x 50 g Gel Tópico Con Dosificador","https://farmaciajvf.com/products/estreva-0,1--x-50-g-gel-T%C3%B3pico-con-dosificador-farmacias-jvf"
2024-10-02,Estreva gel,Búho Chile,30090.0,Laboratorio Chile,False,True,Estradiol,,Estreva 50 g Gel Tópico,https://www.buhochile.com/products/estreva-010-50-g-gel-topico-laboratorio-chile?productId=57cc61ce-e6f8-4af6-88fc-c29e79f3e5a4
2024-10-02,Femoston 1/10,Salcobrand,23919.0,Laboratorio Recalcine.,False,True,Estradiol - Didrogesterona,10205,Femoston 1/10 28 Comprimidos Recubiertos,https://salcobrand.cl/products/femoston-1-10-28-comprimidos-recubiertos?default_sku=10205&queryID=72493c6f4606bc74d8810ec6062277c2
2024-10-02,Femoston 1/10,Farmacias Ahumada,30545.0,Abbott,,True,Estradiol-Didrogesterona,,Femoston 1/10 x 28 Comprimidos Recubiertos,https://www.farmaciasahumada.cl/femoston-1-10-x-28-comprimidos-recubiertos-38694.html
2024-10-02,Femoston 1/10,Cruz Verde,26303.0,Recalcine,,,,,Femoston Estradiol  1 mg Didrogesterona 10 mg 28 Comprimidos Recubiertos,https://www.cruzverde.cl/femoston-estradiol-1-mg-didrogesterona-10-mg-28-comprimidos-recubiertos/19259.html
2024-10-02,Femoston 1/10,Farmex,22990.0,Abbott,,False,,7800009001458,Femoston 1/10 x 28 comprimidos recubiertos,https://farmex.cl/products/femoston-1-10-x-28-comprimidos-recubiertos?_pos=1&_sid=3315cfd35&_ss=r
2024-10-02,Femoston 1/10,EcoFarmacias,21980.0,,,False,,7800009001458,Femoston Estradiol/Didrogesterona 1/10 x 28 Comprimidos,https://www.ecofarmacias.cl/producto/femoston-estradiol-didrogesterona-1-10-x-28-comprimidos/
2024-10-02,Femoston 1/10,Farmacia Meki,23195.0,Abbott,False,True,Comprimido Gris: Didgrogesterona ; Estradiol. Comprimidos Blanco: Estradiol,,Femoston 1/10,https://farmaciameki.cl/producto/femoston-110-comprimido-gris:-10-mg-1-mg-comprimido-blanco:-1-mg-abbott-a338
2024-10-02,Femoston 1/10,Farmacia JVF,0.0,Abbott,False,False,Comprimido Gris: Didgrogesterona Comprimido Gris: 10 Mg Estradiol. Comprimidos Blanco: Estradiol  1 Mg. Comprimido Blanco: 1 Mg,,Femoston 1/10 x 28 Comprimidos Recubiertos,https://farmaciajvf.com/products/femoston-1-10-x-28-comprimidos-recubiertos-farmacias-jvf
2024-10-02,Femoston 1/10,Farmacia El Químico,20490.0,Abbott,,True,E,7800009001458,Femoston 1/10 Comprimidos Recubiertos,https://farmaciaelquimico.cl/products/femoston-1-10-comprimidos-recubiertos?_pos=1&_psq=Femoston+1%2F10&_ss=e&_v=1.0
2024-10-02,Femoston 1/10,MercadoFarma,23990.0,Abbott,,True,,,Femoston 1/10 28 Comprimidos recubiertos,https://www.mercadofarma.cl/products/femoston-1-10-28-comprimidos-recubiertos
2024-10-02,Femoston 1/10,Búho Chile,21990.0,Abbott,False,True,Estradiol;Didrogesterona,,Femoston 1/10 28 Comprimidos Recubiertos,https://www.buhochile.com/products/femoston-1-10-1-mg-10-mg-28-comprimidos-recubiertos-abbott?productId=619d041d-fcc7-4bb7-bb1d-cb1cf54f139b
2024-10-02,Femoston Conti 1/5,Salcobrand,20479.0,Laboratorio Recalcine.,False,True,Didrogesterona - Estradiol,10025,Femoston Conti 28 Comprimidos Recubiertos,https://salcobrand.cl/products/femoston-conti-28-comprimidos-recubiertos?default_sku=10025&queryID=c9c27b64b97f3543746f499b58ea6ae0
2024-10-02,Femoston Conti 1/5,Farmacias Ahumada,26995.0,Abbott,,True,Estradiol-Didrogesterona,,Femoston Conti x 28 Comprimidos Recubiertos,https://www.farmaciasahumada.cl/femoston-conti-x-28-comprimidos-recubiertos-38695.html
2024-10-02,Femoston Conti 1/5,Cruz Verde,22519.0,Recalcine,,,,,Femoston Continuo Estradiol 1 mg Didrogesterona 5 mg 28 Comprimidos Recubiertos,https://www.cruzverde.cl/femoston-continuo-estradiol-1-mg-didrogesterona-5-mg-28-comprimidos-recubiertos/19260.html
2024-10-02,Femoston Conti 1/5,Farmacia Meki,19858.0,Abbott,False,True,Didrogesterona ; Estradiol,,Femoston Conti,https://farmaciameki.cl/producto/femoston-conti-5-mg-1-mg-abbott-9e54
2024-10-02,Femoston Conti 1/5,Farmaloop,,Abbott Laboratories De Chile Ltda.,,False,Estradiol 1 Mg/Didrogesterona 5 Mg,,FEMOSTON CONTI 1 MG/5 MG X 28 COMPRIMIDOS RECUBIERTOS,https://www.farmaloop.cl/products/femoston-conti-1-mg5-mg-x-28-comprimidos-recubiertos-150741/
2024-10-02,Femoston Conti 1/5,Farmacia El Químico,20490.0,Abbott,,True,E,7800009001441,Femoston Conti Comprimidos Recubiertos,https://farmaciaelquimico.cl/products/femoston-conti-comprimidos-recubiertos?_pos=1&_sid=58b87cc1a&_ss=r
2024-10-02,Femoston Conti 1/5,MercadoFarma,23790.0,Laboratorio Recalcine,,True,,,Femoston Conti 1mg/5mg 28 comprimidos,https://www.mercadofarma.cl/products/femoston-1mg-5mg-28-comprimidos
2024-10-02,Femoston Conti 1/5,Búho Chile,20472.0,Abbott,False,True,Estradiol;Didrogesterona,,Femoston Conti 28 Comprimidos,https://www.buhochile.com/products/femoston-conti-1-mg-5-mg-28-comprimidos-abbott?productId=5e5f6e0a-ec30-4f02-9ee0-ed622eaa5ff2
2024-10-02,Lenzetto,Salcobrand,23309.0,Laboratorio Gedeon Richter Chile.,False,True,Estradiol,2860972,Lenzetto Estradiol 1.53mg Pulverización Transdérmica 56 Dosis,https://salcobrand.cl/products/lenzetto-estradiol-1-53mg-pulverizacion-transdermica-56-dosis?default_sku=2860972&queryID=456da326cb7786935e409d5d6771e557
2024-10-02,Lenzetto,Farmacias Ahumada,33995.0,Gedeon Richter Chile Spa,,True,Estradiol,,Lenzetto TRH 1.53 mg/Dosis Spray 56 Dosis,https://www.farmaciasahumada.cl/lenzetto-trh%C2%A01.53-mg-dosis-spray-56-dosis-88082.html
2024-10-02,Lenzetto,Cruz Verde,19884.0,Gedeon Richter,,,,,"Lenzetto Estradiol 1,53 mg/ds Frasco 8,1 mL",https://www.cruzverde.cl/lenzetto-estradiol-153-mgds-frasco-81-ml/293039.html
2024-10-02,Lenzetto,Farmacia Meki,22610.0,Gedeon Richter,False,False,Estradiol,,Lenzetto,https://farmaciameki.cl/producto/lenzetto-153-mg-gedeon-richter-856e
2024-10-02,Lenzetto,Farmaloop,22890.0,Gedeon Richter,,True,"Estradiol 1,53 Mcg",,"LENZETTO 1,53 MCG X 8,1 ML",https://www.farmaloop.cl/products/lenzetto-153-mcg-x-81-ml-150387/
2024-10-02,Lenzetto,Anticonceptivo.cl,24990.0,Gedeon Richter,,True,"Estradiol 1,53 Mg L Ds Frasco 8,1 Ml",2191734,LENZETTO,https://anticonceptivo.cl/producto/lenzetto
2024-10-02,Lenzetto,Farmacia El Químico,23990.0,Gedeon Richter,,False,"Estradiol 1,8G",5997001378304,Lenzetto Solución para Pulverización,https://farmaciaelquimico.cl/products/lenzetto-solucion-para-pulverizacion?_pos=1&_sid=4f59b33c4&_ss=r
2024-10-02,Lenzetto,Profar,21990.0,Gedeon Richter,,True,Estradiol,103312,LENZETTO,https://www.profar.cl/lenzetto-103312/p
2024-10-02,Lenzetto,Búho Chile,0.0,Gedeon Richter,False,True,Estradiol,,"Lenzetto 8,1 mL Solucion Para Pulverización Transdermica",https://www.buhochile.com/products/lenzetto-153-mgdosis-81-ml-solucion-para-pulverizacion-transdermica-gedeon-richter?productId=fb87c98c-cfb7-43ce-b20e-193822047ca7
2024-10-02,Progendo 100mg,Salcobrand,17919.0,Laboratorio Recalcine.,False,True,Progesterona Micronizada,2832968,Progendo 100mg 30 Cápsulas Blandas,https://salcobrand.cl/products/progendo-100mg-30-capsulas-blandas?default_sku=2832968&queryID=ef19655b442bc16d225b65800bf105dc
2024-10-02,Progendo 100mg,Farmacias Ahumada,23295.0,Lafi,,True,Progesterona,,Progendo 100 mg x 30 Cápsulas Blandas,https://www.farmaciasahumada.cl/progendo-100-mg-x-30-capsulas-blandas-2180.html
2024-10-02,Progendo 100mg,Cruz Verde,20891.0,Recalcine,,,,,Progendo Progesterona 100 mg 30 Cápsulas Blandas,https://www.cruzverde.cl/progendo-progesterona-100-mg-30-capsulas-blandas/4546.html
2024-10-02,Progendo 100mg,EcoFarmacias,16900.0,,,True,,7800026005385,Progendo 100mg x 30 Capsulas blandas,https://www.ecofarmacias.cl/producto/progendo-100mg-x-30/
2024-10-02,Progendo 100mg,Farmacia Meki,17381.0,Abbott,False,True,Progesterona,,Progendo,https://farmaciameki.cl/producto/progendo-100-mg-abbott-81e7
2024-10-02,Progendo 100mg,Farmaloop,18490.0,Laboratorios Recalcine Sa,,True,Progesterona 100 Mg,,PROGENDO 100 MG X 30 CÁPSULAS,https://www.farmaloop.cl/products/progendo-100-mg-x-30-capsulas-150115/
2024-10-02,Progendo 100mg,Farmacia JVF,0.0,Abbott,False,True,Progesterona 100 Mg,,Progendo 100 mg x 30 Cápsulas Blandas,https://farmaciajvf.com/products/progendo-100-mg-x-30-capsulas-blandas-farmacias-jvf
2024-10-02,Progendo 100mg,Anticonceptivo.cl,17294.0,Abbott,,False,Progesterona 100 Mg,39382921,PROGENDO 100mg,https://anticonceptivo.cl/producto/progendo-100mg?
2024-10-02,Progendo 100mg,Farmacia El Químico,14990.0,Abbott,,True,Progesterona,7800026005385,Progendo Cápsulas Blandas 100mg,https://farmaciaelquimico.cl/products/progendo-capsulas-blandas-100mg?_pos=1&_sid=82028d3cd&_ss=r
2024-10-02,Progendo 100mg,Búho Chile,17090.0,Abbott,False,True,Progesterona,,Progendo 100 Mg 30 Cápsulas Blandas,https://www.buhochile.com/products/progendo-100-mg-30-capsulas-blandas-abbott?productId=06d716fc-2de8-4b5b-adb1-1c0d8032cf72
2024-10-02,Rosuvastatina 10 mg,Salcobrand,7039.0,Laboratorio Chile.,True,True,Rosuvastatina,580770,Rosuvastatina (B) 10mg 30 Comprimidos Recubiertos,https://salcobrand.cl/products/rosuvastatina-10-mg-30-comprimidos-recubiertos?default_sku=580770&queryID=a71a9709c01e3b0e9a16f19f59180ab1
2024-10-02,Rosuvastatina 10 mg,Farmacias Ahumada,3998.0,Ascend,,True,Rosuvastatina Calcica,,Rosuvastatina 10 mg x 30 Comprimidos Recubiertos ASCEND,https://www.farmaciasahumada.cl/rosuvastatina-10-mg-x-30-comprimidos-recubiertos-ascend-88085.html
2024-10-02,Rosuvastatina 10 mg,Cruz Verde,8994.0,Raffo,,,,,Rosugras Rosuvastatina 10 mg 30 Comprimidos Recubierto,https://www.cruzverde.cl/rosugras-rosuvastatina-10-mg-30-comprimidos-recubierto/276368.html
2024-10-02,Rosuvastatina 10 mg,Farmex,3720.0,Lab. Chile,,False,,7800007808431,Rosuvastatina 10 mg x 30 comprimidos,https://farmex.cl/products/rosuvastatina-10-mg-x-30-comprimidos?_pos=6&_sid=686c9d60b&_ss=r
2024-10-02,Rosuvastatina 10 mg,EcoFarmacias,3390.0,,,True,,7800007808431,Rosuvastatina 10 mg x 30 comprimidos recubiertos Laboratorios Chile,https://www.ecofarmacias.cl/producto/rosuvastatina-10-mg-x-30-comprimidos-recubiertos-laboratorios-chile/
2024-10-02,Rosuvastatina 10 mg,Farmacias Dr Simi,8000.0,,True,True,Rosuvastatina,BE0078,Rosuvastatina 10 mg 30 Comprimidos,https://www.drsimi.cl/rosuvastatina-10-mg-30-comprimidos-recubiertos/p
2024-10-02,Rosuvastatina 10 mg,Farmacia Meki,3490.0,Laboratorio Chile,True,True,Rosuvastatina,,Rosuvastatina,https://farmaciameki.cl/producto/rosuvastatina-10-mg-laboratorio-chile-e141
2024-10-02,Rosuvastatina 10 mg,Farmaloop,5190.0,Laboratorio Chile S A,,True,Rosuvastatina 10 Mg,,ROSUVASTATINA 10 MG X 30 COMPRIMIDOS,https://www.farmaloop.cl/products/rosuvastatina-10-mg-x-30-comprimidos-140294/
2024-10-02,Rosuvastatina 10 mg,Farmacia JVF,0.0,Ascend,True,False,Rosuvastatina Calcica 10 Mg,,Rosuvastatina 10 mg x 30 Comprimidos Recubiertos,https://farmaciajvf.com/products/rosuvastatina-10-mg-x-30-comprimidos-recubiertos-farmacias-jvf
2024-10-02,Rosuvastatina 10 mg,Anticonceptivo.cl,7790.0,Ascend,,True,Rosuvastatina 10 Mg,31948,Rosuvastatina 10mg x 30 Comprimidos,https://anticonceptivo.cl/producto/rosuvastatina-10mg-x-30-comprimidos
2024-10-02,Rosuvastatina 10 mg,MercadoFarma,7990.0,Lab. Chile,,False,,,Rosuvastatina 10mg 30 Comprimidos Recubiertos,https://www.mercadofarma.cl/products/rosuvastatina-10-mg-30-comprimidos-recubiertos-ascend
2024-10-02,Rosuvastatina 10 mg,Búho Chile,3750.0,Laboratorio Chile,False,True,Rosuvastatina,,Rosuvastatina 10 Mg 30 Comprimidos,https://www.buhochile.com/products/rosuvastatina-10-mg?productId=328f4c27-d24d-4d52-b626-fb302128ece5
2024-10-02,Rosuvastatina 10 mg (Seven Pharma),Salcobrand,7899.0,Laboratorio Seven Pharma Chile Spa.,False,True,Rosuvastatina,8801219,Rosuvastatina (B) 10mg 30 Comprimidos Recubiertos,https://salcobrand.cl/products/rosuvastatina-b-10mg-30-comprimidos-recubiertos?default_sku=8801219&queryID=a71a9709c01e3b0e9a16f19f59180ab1
2024-10-02,Rosuvastatina 10 mg (Seven Pharma),Farmacias Ahumada,3998.0,Seven Pharma Chile Spa,,True,Rosuvastatina Calcica,,Rosuvastatina 10 mg x 30 Comprimidos Recubiertos HETERO,https://www.farmaciasahumada.cl/rosuvastatina-10-mg-x-30-comprimidos-recubiertos-hetero-89167.html
2024-10-02,Rosuvastatina 10 mg (Seven Pharma),EcoFarmacias,3390.0,,,False,,8903726193372,Rosuvastatina 10 mg x 30 comprimidos recubiertos,https://www.ecofarmacias.cl/producto/rosuvastatina-10-mg-x-30-comprimidos-recubiertos-seven-pharma-cenabast/
2024-10-02,Rosuvastatina 10 mg (Seven Pharma),Farmaloop,,Seven Pharma Chile Spa,,False,Rosuvastatina 10 Mg,,ROSUVASTATINA 10 MG X 30 COMPRIMIDOS,https://www.farmaloop.cl/products/rosuvastatina-10-mg-x-30-comprimidos-129706/
2024-10-02,Rosuvastatina 10 mg (Seven Pharma),Farmacia JVF,0.0,Seven Pharma,True,True,Rosuvastatina 20 Mg,,Rosuvastatina 20 mg x 30 Comprimidos Recubiertos,https://farmaciajvf.com/products/rosuvastatina-20-mg-x-30-comprimidos-recubiertos-seven-farmacias-jvf
2024-10-02,Rosuvastatina 10 mg: Cresadex,Salcobrand,21349.0,Laboratorio Recalcine.,False,True,Rosuvastatina,2831034,Cresadex Rosuvastatina 10mg 30 Comprimidos Recubiertos,https://salcobrand.cl/products/cresadex-rosuvastatina-10mg-30-comprimidos-recubiertos?default_sku=2831034&queryID=a71a9709c01e3b0e9a16f19f59180ab1
2024-10-02,Rosuvastatina 10 mg: Cresadex,Farmacias Ahumada,23527.0,Recalcine S.A.,,True,Rosuvastatina Calcica Anhidra,,Cresadex 10 mg x 30 Comprimidos Recubiertos,https://www.farmaciasahumada.cl/cresadex-10-mg-x-30-comprimidos-recubiertos-46977.html
2024-10-02,Rosuvastatina 10 mg: Cresadex,Farmex,22843.0,Abbott,,False,,7800026010341,Cresadex 10 mg x 30 comprimidos,https://farmex.cl/products/cresadex-10-mg?_pos=11&_sid=068f20047&_ss=r
2024-10-02,Rosuvastatina 10 mg: Cresadex,Búho Chile,0.0,Recalcine,False,True,Rosuvastatina,,Cresadex 10 Mg 30 Comprimidos Recubiertos,https://www.buhochile.com/products/cresadex-10-mg-30-comprimidos-recubiertos-recalcine?productId=eec3a574-ebac-46e2-a80e-36014f64a04d
2024-10-02,Rosuvastatina 10 mg: Crestor,Salcobrand,48047.0,Laboratorio Astrazeneca Chile.,True,True,Rosuvastatina,2054074,Crestor Tablets (R) Rosuvastatina 10mg 30 Comprimidos Recubiertos,https://salcobrand.cl/products/crestor-tablets-r-rosuvastatina-10mg-30-comprimidos-recubiertos?default_sku=2054074&queryID=a71a9709c01e3b0e9a16f19f59180ab1
2024-10-02,Rosuvastatina 10 mg: Crestor,Farmacias Ahumada,36007.0,Astrazeneca,,True,Rosuvastatina Calcica,,Crestor 10 mg x 30 Comprimidos Recubiertos,https://www.farmaciasahumada.cl/crestor-10-mg-x-30-comprimidos-recubiertos-80570.html
2024-10-02,Rosuvastatina 10 mg: Crestor,Cruz Verde,48039.0,Astrazeneca,,,,,Crestor Rosuvastatina 10 mg 30 Comprimidos Recubierto,https://www.cruzverde.cl/crestor-rosuvastatina-10-mg-30-comprimidos-recubierto/16080.html
2024-10-02,Rosuvastatina 10 mg: Crestor,Farmex,38990.0,Astra Zeneca,,False,,7896206407490,Crestor 10 mg x 30 comprimidos,https://farmex.cl/products/crestor-tabletas-recubiertas-rosuvastatina?_pos=1&_sid=da40b303f&_ss=r
2024-10-02,Rosuvastatina 10 mg: Crestor,Farmacia Meki,36009.0,Astrazeneca,False,True,Rosuvastatina,,Crestor,https://farmaciameki.cl/producto/crestor-10-mg-astrazeneca-f5de
2024-10-02,Rosuvastatina 10 mg: Crestor,Farmaloop,40790.0,Astrazeneca Sa,,True,Rosuvastatina 10 Mg,,CRESTOR 10 MG X 30 COMPRIMIDOS,https://www.farmaloop.cl/products/crestor-10-mg-x-30-comprimidos-16042/
2024-10-02,Rosuvastatina 10 mg: Crestor,Farmacia JVF,0.0,Astrazeneca,False,False,Rosuvastatina Calcica 10 Mg,,Crestor 10 mg x 30 Comprimidos Recubiertos,https://farmaciajvf.com/products/crestor-10-mg-x-30-comprimidos-farmacias-jvf
2024-10-02,Rosuvastatina 10 mg: Crestor,Farmacia El Químico,23990.0,Astrazeneca,,True,Rosuvastatina,1604614567212,Crestor Comprimidos Recubiertos 5mg,https://farmaciaelquimico.cl/products/crestor-comprimidos-recubiertos-5mg?_pos=1&_sid=561894ec3&_ss=r
2024-10-02,Rosuvastatina 10 mg: Crestor,Búho Chile,36171.0,Astrazeneca,False,True,Rosuvastatina,,Crestor 10 Mg 30 Comprimidos Recubiertos,https://www.buhochile.com/products/crestor-10-mg-30-comprimidos-recubiertos-astrazeneca?productId=040e4968-f193-4579-bd79-e4ee9111a15d
2024-10-02,Rosuvastatina 10 mg: Rosat,Salcobrand,13599.0,,True,True,Rosuvastatina,572960,Rosat (B) Rosuvastatina 10mg 30 Comprimidos Recubiertos,https://salcobrand.cl/products/rosuvastatina-10mg-oral-solido-7c92a752-cfbc-4042-963a-8a9e0e403384?default_sku=572960&queryID=a71a9709c01e3b0e9a16f19f59180ab1
2024-10-02,Rosuvastatina 10 mg: Rosat,Farmacias Ahumada,12607.0,Pasteur,,True,Rosuvastatina,,Rosat 10 mg x 30 Comprimidos Recubiertos,https://www.farmaciasahumada.cl/rosat-10-mg-x-30-comprimidos-recubiertos-85569.html
2024-10-02,Rosuvastatina 10 mg: Rosat,Cruz Verde,11634.0,Pasteur,,,,,Rosat-10 Rosuvastatina 10 mg 30 Comprimidos Recubiertos,https://www.cruzverde.cl/rosat-10-rosuvastatina-10-mg-30-comprimidos-recubiertos/287906.html
2024-10-02,Rosuvastatina 10 mg: Rosat,Farmacia Meki,12229.0,Pasteur,True,True,Rosuvastatina,,Rosat-10,https://farmaciameki.cl/producto/rosat-10-10-mg-pasteur-f8a2
2024-10-02,Rosuvastatina 10 mg: Rosat,Farmaloop,,Laboratorio Pasteur S.A.,,False,Rosuvastatina 10 Mg,,ROSAT-10 X 30 COMPRIMIDOS,https://www.farmaloop.cl/products/rosat10-x-30-comprimidos-96679/
2024-10-02,Rosuvastatina 10 mg: Rosat,Farmacia JVF,10990.0,Pasteur,True,True,Rosuvastatina Calcica 10 Mg,,Rosat-10 10 mg x 30 Comprimidos Recubiertos,https://farmaciajvf.com/products/rosat-10-10-mg-x-30-comprimidos-recubiertos-farmacias-jvf
2024-10-02,Rosuvastatina 10 mg: Rosat,Anticonceptivo.cl,13913.0,Pasteur,,False,Rosuvastatina 10 Mg,10030,Rosat-10 Rosuvastatina 10 mg 30 Comprimidos Recubiertos,https://anticonceptivo.cl/producto/rosat-10-rosuvastatina-10-mg-30-comprimidos-recubiertos
2024-10-02,Rosuvastatina 10 mg: Rosat,MercadoFarma,10990.0,Pasteur,,True,,,Rosat 10mg 30 Comprimidos Recubiertos,https://www.mercadofarma.cl/products/rosat-10mg-30-comprimidos-recubiertos
2024-10-02,Rosuvastatina 10 mg: Rosat,Búho Chile,7990.0,Pasteur,True,True,Rosuvastatina Calcica,,Rosat-10 30 Comprimidos Recubiertos,https://www.buhochile.com/products/rosat-10-10-mg-30-comprimidos-recubiertos-pasteur?productId=3f331fdd-6d59-4b60-aef8-8980aa970460
2024-10-02,Rosuvastatina 10 mg: Rosumed,Salcobrand,28159.0,,False,True,Rosuvastatina,1720171,Rosumed Rosuvastatina 10mg 60 Comprimidos Recubiertos,https://salcobrand.cl/products/rosuvastatina-10mg-oral-solido-cf0d27d4-da38-494e-9264-bfa23e127329?default_sku=1720171&queryID=a71a9709c01e3b0e9a16f19f59180ab1
2024-10-02,Rosuvastatina 10 mg: Rosumed,Farmacias Ahumada,21577.0,Itf - Labomed,,True,Rosuvastatina Calcio,,Rosumed 10 mg x 60 Comprimidos Recubiertos,https://www.farmaciasahumada.cl/rosumed-10-mg-x-60-comprimidos-recubiertos-77820.html
2024-10-02,Rosuvastatina 10 mg: Rosumed,Cruz Verde,9891.0,Labomed,,,,,Rosumed 10 Rosuvastatina 10 mg 30 Comprimidos,https://www.cruzverde.cl/rosumed-10-rosuvastatina-10-mg-30-comprimidos/253381.html
2024-10-02,Rosuvastatina 10 mg: Rosumed,Farmaloop,,Itf-Labomed Farmaceutica Ltda.,,False,Rosuvastatina 10 Mg,,ROSUMED 10 MG X 30 COMPRIMIDOS,https://www.farmaloop.cl/products/rosumed-10-mg-x-30-comprimidos-83064/
2024-10-02,Rosuvastatina 10 mg: Rosvel,Salcobrand,10399.0,Laboratorio Chile.,True,True,Rosuvastatina,439014,Rosvel (B) Rosuvastatina 10mg 60 Comprimidos Recubiertos,https://salcobrand.cl/products/rosvel-10mg-de-60-comprimidos?default_sku=439014&queryID=a71a9709c01e3b0e9a16f19f59180ab1
2024-10-02,Rosuvastatina 10 mg: Rosvel,Farmacias Ahumada,8423.0,Chile,,True,Rosuvastatina Calcica,,Rosvel 10 mg x 30 Comprimidos Recubiertos,https://www.farmaciasahumada.cl/rosvel-10-mg-x-30-comprimidos-recubiertos-61723.html
2024-10-02,Rosuvastatina 10 mg: Rosvel,Cruz Verde,18295.0,Chile Recetario,,,,,Rosvel Rosuvastatina 10 mg 60 Comprimidos Recubiertos,https://www.cruzverde.cl/rosvel-rosuvastatina-10-mg-60-comprimidos-recubiertos/265616.html
2024-10-02,Rosuvastatina 10 mg: Rosvel,Farmex,15690.0,Lab. Chile,,False,,7800007711298,Rosvel 20 mg x 30 comprimidos,https://farmex.cl/products/rosvel-20-mg-x-30-comprimidos?_pos=1&_sid=9b5844ab1&_ss=r
2024-10-02,Rosuvastatina 10 mg: Rosvel,Farmacia Meki,10087.0,Laboratorio Chile,False,True,Rosuvastatina,,Rosvel,https://farmaciameki.cl/producto/rosvel-10-mg-laboratorio-chile-09c8
2024-10-02,Rosuvastatina 10 mg: Rosvel,Farmaloop,12590.0,Laboratorio Chile S A,,True,Rosuvastatina 10 Mg,,ROSVEL 10 MG X 30 COMPRIMIDOS,https://www.farmaloop.cl/products/rosvel-10-mg-x-30-comprimidos-91207/
2024-10-02,Rosuvastatina 10 mg: Rosvel,Farmacia JVF,0.0,Chile,True,True,Rosuvastatina Calcica 10 Mg,,Rosvel 10 mg x 30 Comprimidos Recubiertos,https://farmaciajvf.com/products/rosvel-10-mg-x-30-comprimidos-recubiertos-farmacias-jvf
2024-10-02,Rosuvastatina 10 mg: Rosvel,MercadoFarma,14390.0,Lab. Chile Teva,,False,,,Rosvel 10mg 60 Comprimidos,https://www.mercadofarma.cl/products/rosvel-10mg-60-comprimidos
2024-10-02,Rosuvastatina 10 mg: Rosvel,Búho Chile,8280.0,Laboratorio Chile,True,True,Rosuvastatina,,Rosvel 10 Mg 30 Comprimidos Recubiertos,https://www.buhochile.com/products/rosvel-10-mg-30-comprimidos-recubiertos-laboratorio-chile?productId=4cb5ccba-2b87-4acd-ac80-ab733e44597e
2024-10-02,Rosuvastatina 10 mg: Rovartal,Salcobrand,14559.0,,False,True,Rosuvastatina,2571552,Rovartal Rosuvastatina 10mg 30 Comprimidos Recubiertos,https://salcobrand.cl/products/rosuvastatina-10mg-oral-solido-85a1ff4c-5ed8-498c-a926-5eb3695660de?default_sku=2571552&queryID=a71a9709c01e3b0e9a16f19f59180ab1
2024-10-02,Rosuvastatina 10 mg: Rovartal,Farmacias Ahumada,16312.0,Megalabs Chile S.A,,True,Rosuvastatina Calcica,,Rovartal 10 mg x 30 Comprimidos Recubiertos,https://www.farmaciasahumada.cl/rovartal-10-mg-x-30-comprimidos-recubiertos-71226.html
2024-10-02,Rosuvastatina 10 mg: Rovartal,Farmacia Meki,12391.0,Megalabs,True,True,Rosuvastatina,,Rovartal,https://farmaciameki.cl/producto/rovartal-10-mg-pharma-investi-faa6
2024-10-02,Rosuvastatina 10 mg: Rovartal,Farmaloop,6850.0,Laboratorio Megalabs Chile S.A.,,True,Rosuvastatina 10 Mg,,ROVARTAL 10 MG X 30 COMPRIMIDOS,https://www.farmaloop.cl/products/rovartal-10-mg-x-30-comprimidos-120765/
2024-10-02,Rosuvastatina 10 mg: Rovartal,Búho Chile,17679.0,Pharma Investi,True,True,Rosuvastatina,,Rovartal 10 Mg 30 Comprimidos Recubiertos,https://www.buhochile.com/products/rovartal-10-mg-30-comprimidos-recubiertos-pharma-investi?productId=8c0fee1a-a4cf-4ad5-8840-3c6badbf4664
2024-10-02,Rosuvastatina 10 mg: Rux,Salcobrand,19679.0,Laboratorio Saval S.A.,True,True,Rosuvastatina,2973242,Rux (B) Rosuvastatina 10mg 30 Comprimidos Recubiertos,https://salcobrand.cl/products/rosuvastatina-10mg-oral-solido-4ae7b3e5-580e-40a6-949e-febcd15abdf3?default_sku=2973242&queryID=a71a9709c01e3b0e9a16f19f59180ab1
2024-10-02,Rosuvastatina 10 mg: Rux,Farmacias Ahumada,15727.0,Saval S.A.,,True,Rosuvastatina Calcica,,Rux 10 mg x 30 Comprimidos Recubiertos,https://www.farmaciasahumada.cl/rux-10-mg-x-30-comprimidos-recubiertos-76442.html
2024-10-02,Rosuvastatina 10 mg: Rux,Farmex,18680.0,Saval,,False,,7800060132429,Rux 10 mg x 30 comprimidos,https://farmex.cl/products/rux-10-mg-x-30-comp?_pos=1&_sid=d6903ed92&_ss=r
2024-10-02,Rosuvastatina 10 mg: Rux,Farmacia Meki,15517.0,Saval,True,True,Rosuvastatina,,Rux,https://farmaciameki.cl/producto/rux-10-mg-saval-1d4f
2024-10-02,Rosuvastatina 10 mg: Rux,Farmaloop,17110.0,Laboratorios Saval S A,,True,Rosuvastatina 10 Mg,,RUX 10 MG X 30 COMPRIMIDOS,https://www.farmaloop.cl/products/rux-10-mg-x-30-comprimidos-107027/
2024-10-02,Rosuvastatina 10 mg: Rux,MercadoFarma,18390.0,Saval,,False,,,Rux 10mg 30 Comprimidos Recubiertos,https://www.mercadofarma.cl/products/rux-10mg-30-comprimidos-recubiertos
2024-10-02,Rosuvastatina 10 mg: Rux,Búho Chile,15724.0,Saval,False,True,Rosuvastatina,,Rux 10 Mg 30 Comprimidos Recubiertos,https://www.buhochile.com/products/rux-10-mg-30-comprimidos-recubiertos-saval?productId=354c91be-f21a-48c9-aaa0-3ad78368e85a
2024-10-02,Up Omega 3: Ultra Pure,Salcobrand,27974.0,,False,True,,575894,Up Omega 3 Ultra Pure 150 Cápsulas Suplemento Alimentario,https://salcobrand.cl/products/omega-3-up-ultrapure?default_sku=575894&queryID=7d7c81744de866f3d7c7ca7616e0f15a
2024-10-02,Up Omega 3: Ultra Pure,Cruz Verde,18735.0,Exeltis,,,,,Regenesis Up Omega 3 300 mg 30 Cápsulas Blandas,https://www.cruzverde.cl/regenesis-up-omega-3-300-mg-30-capsulas-blandas/292701.html
2024-10-02,Up Omega 3: Ultra Pure,Farmacias Dr Simi,2400.0,,False,True,Aceite Pescado Purificado,CH4005,Simi Omega 3 - Aceite Pescado 1000 mg - 30 Cápsulas,https://www.drsimi.cl/simi-omega-3-aceite-pescado-1000-mg-30-capsulas/p
2024-10-02,Up Omega 3: Ultra Pure,Farmaloop,17190.0,Comercial Y Asesorias Los Ulmos Ltda.,,True,Omega 3  /Epa  /Dha,,OMEGA UP ULTRA PURE NS X 60 CÁPSULAS BLANDAS,https://www.farmaloop.cl/products/omega-up-ultra-pure-ns-x-60-capsulas-blandas-42089/
2024-10-02,Up Omega 3: Ultra Pure,Farmacia JVF,0.0,Newscience,False,True,Omega 3 600 Mg Epa 800 Mg Dha 400 Mg,,Omega UP Ultra Pure x 150 Cápsulas,https://farmaciajvf.com/products/omega-up-x-150-capsulas-farmacias-jvf
2024-10-02,Up Omega 3: Ultra Pure,Anticonceptivo.cl,30090.0,Newscience,,False,,7804637360048,Up omega 3 120 capsulas,https://anticonceptivo.cl/producto/up-omega-3-120-capsulas?
2024-10-02,Up Omega 3: Ultra Pure,Farmacia El Químico,14490.0,Newscience,,False,"Omega 3 Es Un Suplemento Desarrollado Con Aceite De Pescado De Alta Concentración De Epa Y Dha, Para Apoyar El Cuidado Del Corazón.",7804637360055,Omega 3 UP Cápsulas,https://farmaciaelquimico.cl/products/omega-3-capsulas-3?_pos=1&_sid=439cde793&_ss=r
2024-10-02,Up Omega 3: Ultra Pure,MercadoFarma,14190.0,Newscience,,False,,,Ultra pure UP Omega 3 800 EPA/400 DHA 60 Cápsulas,https://www.mercadofarma.cl/products/ultra-pure-up-omega-3-800-epa-400-dha-60-capsulas
2024-10-02,Up Omega 3: Ultra Pure,Búho Chile,14390.0,Exeltis,False,True,Omega 3,,Regenesis Up 30 Cápsulas,https://www.buhochile.com/products/regenesis-up-300-mg-30-capsulas-exeltis?productId=8f619127-68d2-47a0-8b0c-bac6110635b5
2024-10-02,Up Omega 3: Vegan,Salcobrand,21299.0,,False,True,,575513,Omega UP Vegan con Alto Contenido DHA,https://salcobrand.cl/products/omega-up-vegan-dha?default_sku=575513&queryID=7d7c81744de866f3d7c7ca7616e0f15a
2024-10-02,Up Omega 3: Vegan,Farmacia Meki,20660.0,Newscience,False,True,Omega 3,,Vg Up Vegano DHA,https://farmaciameki.cl/producto/vg-up-omega-3-vegano-dha-newscience-3432
2024-10-02,Up Omega 3: Vegan,Farmaloop,,Comercial Y Asesorias Los Ulmos Ltda.,,False,Omega 3,,"UP OMEGA 3, VG TG DHA X 30 CAPSULAS",https://www.farmaloop.cl/products/up-omega-3-vg-tg-dha-x-30-capsulas-42118/
2024-10-02,Up Omega 3: Vegan,Farmacia JVF,0.0,Newscience,False,True,Según Rotulado,,Omega UP Vegano x 30 Cápsulas,https://farmaciajvf.com/products/omega-up-vegano-x-30-capsulas-farmacias-jvf
2024-10-02,Up Omega 3: Vegan,Farmacia El Químico,17990.0,Newscience,,True,"Omega 3 100 % Vegano A Base De Microalgas Marinas, Alta Concentración De Dha. Apoya Al Desarrollo Y Funcionamiento Neurocognitivo, Recomendado Para Consumidores Con Preferencias O Restricciones Alimentarias Que Requieren Alta Concentración De Omega 3.",7804637360529,Omega 3 UP Vegano Cápsulas,https://farmaciaelquimico.cl/products/omega-3-up-vegano-capsulas?_pos=3&_sid=439cde793&_ss=r
2024-10-02,Up Omega 3: Vegan,MercadoFarma,18690.0,Newscience,,False,,,Vegan UP omega 3 Aceite de microalgas 530 DHA 30 cápsulas,https://www.mercadofarma.cl/products/vegan-up-omega-3-aceite-de-microalgas-530-dha-30-capsulas
2024-10-02,Up Omega 3: Vegan,Búho Chile,18490.0,Newscience,False,True,,,Omega Up 3 Vegan 30 Cápsulas,https://www.buhochile.com/products/omega-up-3-vegan-1000-mg-30-capsulas-newscience?productId=a3ca019c-a27b-4297-ae0d-3d572298bbc1
2024-10-02,Valerix,Salcobrand,17399.0,Laboratorio Andrómaco Farma.,False,True,Estradiol - Dienogest,3026814,Valerix Estradiol / Dienogest 2mg/2mg 30 Comprimidos Recubiertos,https://salcobrand.cl/products/dienogest-2mg-estradiol-2mg-oral-solido?default_sku=3026814&queryID=ee700ee771f067daeb409ff125e1c9dc
2024-10-02,Valerix,Farmacias Ahumada,19276.0,Silesia S.A.,,True,Estradiol Valerato-Dienogest,,Valerix x 30 Comprimidos Recubiertos,https://www.farmaciasahumada.cl/valerix-x-30-comprimidos-recubiertos-70054.html
2024-10-02,Valerix,Cruz Verde,13914.0,Silesia Etico,,,,,Valerix Estradiol 2 mg 30 Comprimidos Recubierto,https://www.cruzverde.cl/valerix-estradiol-2-mg-30-comprimidos-recubierto/262651.html
2024-10-02,Valerix,Farmex,21490.0,Silesia,,False,,7800020187841,Valerix x 30 comprimidos,https://farmex.cl/products/valerix-x-30-comprimidos?_pos=1&_sid=842736919&_ss=r
2024-10-02,Valerix,EcoFarmacias,20990.0,,,True,,7800020187841,Valerix x 30 comprimidos,https://www.ecofarmacias.cl/producto/valerix-x-30-comprimidos/
2024-10-02,Valerix,Farmacia JVF,0.0,Silesia,False,False,Dienogest 2 Mg Estradiol Valerato 2 Mg,,Valerix x 30 Comprimidos Recubiertos,https://farmaciajvf.com/products/valerix-x-30-comprimidos-recubiertos-farmacias-jvf
2024-10-02,Valerix,Anticonceptivo.cl,19268.0,Silesia,,False,"Dienogest 2,00 Mg | Estradiol Valerato 2,00 Mg",2118673,VALERIX,https://anticonceptivo.cl/producto/valerix?
2024-10-02,Valerix,Farmacia El Químico,18990.0,Silesia,,True,Valerato De Estradiol 2Mg Y Dienogest 2Mg,7800020187841,Valerix Comprimidos Recubiertos,https://farmaciaelquimico.cl/products/valerix-comprimidos-recubiertos?_pos=1&_sid=ec9a27ea1&_ss=r
2024-10-02,Valerix,Búho Chile,21990.0,Silesia,False,True,Estradiol;Dienogest,,Valerix 30 Comprimidos Recubiertos,https://www.buhochile.com/products/valerix-2-mg-2-mg-30-comprimidos-recubiertos-silesia?productId=1976f47c-96cd-421d-97e9-8f79f7c16498
2024-10-02,Vitamina D 800 UI: Dvida,Salcobrand,13759.0,,False,True,,307811,DVIDA 800UI X35CAP.,https://salcobrand.cl/products/dvida-800ui-x35cap?default_sku=307811&queryID=63a61bd5c313258b6dba8ac1cc7863d8
2024-10-02,Vitamina D 800 UI: Dvida,Cruz Verde,7914.0,Andromaco Etico,,,,,Dvida Vitamina D3 800 UI 35 Cápsulas Blandas,https://www.cruzverde.cl/dvida-vitamina-d3-800-ui-35-capsulas-blandas/294034.html
2024-10-02,Vitamina D 800 UI: Dvida,EcoFarmacias,10900.0,,,True,,7800018078113,DVida Vitamina D3 800 UI x 35 Capsulas blandas,https://www.ecofarmacias.cl/producto/dvida-vitamina-d3-800-ui-x-35-capsulas-blandas/
2024-10-02,Vitamina D 800 UI: Dvida,Farmacias Dr Simi,3000.0,,False,True,Vitamina A/C/D,CH5525,Infor PRO baby ACD - Vitamina A/C/D 2000/45/480 U.I./0.6 ml - gotas 30 ml,https://www.drsimi.cl/infor-pro-babys-acd-vitamina-a-c-d-2000-45-480-u-i-0-6-ml-gotas-30-ml/p
2024-10-02,Vitamina D 800 UI: Dvida,Farmacia Meki,10899.0,Andrómaco,False,True,Vitamina D3,,Dvida,https://farmaciameki.cl/producto/dvida-800-u.i.-andromaco-a1a8
2024-10-02,Vitamina D 800 UI: Dvida,Farmaloop,10040.0,Laboratorios Andromaco S A,,True,Vitamina D3,,DVIDA 800 UI X 35 CÁPSULAS BLANDAS,https://www.farmaloop.cl/products/dvida-800-ui-x-35-capsulas-blandas-98483/
2024-10-02,Vitamina D 800 UI: Dvida,Farmacia JVF,0.0,Andromaco,False,True,Colecalciferol (Vitamina D3) 800 Ui,,DVida 800 UI x 35 Cápsulas Blandas,https://farmaciajvf.com/products/dvida-800-ui-x-35-capsulas-blandas-farmacias-jvf
2024-10-02,Vitamina D 800 UI: Dvida,Anticonceptivo.cl,10490.0,Andromaco,,False,Vitamina D3,2406408,DVIDA 800ui,https://anticonceptivo.cl/producto/dvida-800ui
2024-10-02,Vitamina D 800 UI: Dvida,Farmacia El Químico,10490.0,Andrómaco,,True,"Suplemento Alimenticio Formulado Con Vitamina D3, La Misma Que Se Obtiene Naturalmente Del Sol Y De Una Muy Baja Cantidad De Ciertos Alimentos. La Porción Justa Día A Día, La Que Puede Consumirse Sola O Acompañada Por Comidas. ",7800018078113,D´vida Cápsulas blandas 800 UI,https://farmaciaelquimico.cl/products/d-vida-capsulas-blandas-800ui?_pos=2&_sid=505426fcf&_ss=r
2024-10-02,Vitamina D 800 UI: Dvida,MercadoFarma,27090.0,Andrómaco,,True,,,"D'vidamax 50.000 U.I. polvo para suspensión oral 1,1gr 4 frascos",https://www.mercadofarma.cl/products/dvidamax-50-000-u-i-polvo-para-suspension-oral-1g
2024-10-02,Vitamina D 800 UI: Dvida,Búho Chile,26500.0,Andromaco,False,True,Vitamina D3 (Colecalciferol),,Dvida Max 50.000 UI 4 Vial Polvo Para Suspensión Oral,https://www.buhochile.com/products/dvida-max-50000-ui-4-vial-polvo-para-suspension-oral-andromaco?productId=68729f2f-7340-42a5-b46b-fd14ae6fc759
2024-10-02,Vitamina D 800 UI: Inforvit,Salcobrand,13649.0,,False,True,Colecalciferol ;Forma Farmacéutica:  ;Dosis Por Forma Farmacéutica:  999,9055178,Inforvit Vitamina D3 800UI 30ml,https://salcobrand.cl/products/inforvit-vitamina-d3-800ui-30ml?default_sku=9055178&queryID=63a61bd5c313258b6dba8ac1cc7863d8
2024-10-02,Vitamina D 800 UI: Inforvit,Farmacias Dr Simi,3000.0,,False,True,Vitamina A/C/D,CH5525,Infor PRO baby ACD - Vitamina A/C/D 2000/45/480 U.I./0.6 ml - gotas 30 ml,https://www.drsimi.cl/infor-pro-babys-acd-vitamina-a-c-d-2000-45-480-u-i-0-6-ml-gotas-30-ml/p
2024-10-02,Vitamina D 800 UI: Inforvit,Farmacia Meki,8375.0,Prater,False,True,Vitamina D3,,Infor Vit,https://farmaciameki.cl/producto/infor-vit-vitamina-d3-800-u.i.-prater-330f
2024-10-02,Vitamina D 800 UI: Inforvit,Farmaloop,,Laboratorios Prater S A,,False,Vitamina D 800 Ui,,INFOR VIT D3 800 UI X 30 ML SOLUCIÓN PARA GOTAS ORALES,https://www.farmaloop.cl/products/infor-vit-d3-800-ui-x-30-ml-solucion-para-gotas-orales-140697/
2024-10-02,Vitamina D 800 UI: Inforvit,Búho Chile,7590.0,Prater,False,True,Vitamina D3,,Infor Vit 30 Comprimidos,https://www.buhochile.com/products/infor-vit-800-ui-30-comprimidos-prater?productId=a8ab5829-cc31-4da5-be18-5954f5d3d152
2024-10-02,Vitamina D 800 UI: Vegan,Salcobrand,11049.0,,False,True,,586799,Vitamin D 800 UI x60 Vegan VitaminLife Free,https://salcobrand.cl/products/vitamin-d-800-ui-x60-vegan-vitaminlife-free?default_sku=586799&queryID=63a61bd5c313258b6dba8ac1cc7863d8
2024-10-02,Vitamina D 800 UI (otro),Salcobrand,11959.0,,False,True,,9033212,VitaminLife Vitamina D3 800UI 90 Softgels,https://salcobrand.cl/products/vitaminlife-vitamina-d3-800ui-90-softgels?default_sku=9033212&queryID=63a61bd5c313258b6dba8ac1cc7863d8
2024-10-02,Vitamina D 800 UI (otro),EcoFarmacias,9980.0,,,False,,7816920011117,Vitamina D3 800 UI x 120 cápsulas Blandas Raíz Natural,https://www.ecofarmacias.cl/producto/vitamina-d3-800-ui-x-120-capsulas-blandas-raiz-natural/
2024-10-02,Vitamina D 800 UI (otro),Farmacia Meki,7813.0,Nutrapharm,False,True,Vitamina D3,,Vitamina D3,https://farmaciameki.cl/producto/vitamina-d3-800-u.i.-nutrapharm-740a
2024-10-02,Vitamina D 800 UI (otro),Farmaloop,8290.0,Nutrapharm,,True,Vitamina D3 800 Ui,,VITAMINA D3 800 UI X 100 COMPRIMIDOS,https://www.farmaloop.cl/products/vitamina-d3-800-ui-x-100-comprimidos-140325/
2024-10-02,Vitamina D 800 UI (otro),Farmacia JVF,5990.0,Supplevit,False,True,Colecalciferol (Vitamina D3) 800 Ui,,Vitamina D3 800 UI x 60 Cápsulas,https://farmaciajvf.com/products/vitamina-d3-800-ui-x-60-capsulas-supplevit-farmacias-jvf
2024-10-02,Vitamina D 800 UI (otro),MercadoFarma,11290.0,Pasteur,,True,,,Vitde 800 Vitamina D3 800UI 30 Comprimidos,https://www.mercadofarma.cl/products/vitde-800-vitamina-d3-800ui-30-comprimidos
2024-10-02,Vitamina D 800 UI (otro),Búho Chile,5391.0,Springlife,False,True,Vitamina D,,Vitamina D 800 UI 60 Cápsulas Blandas,https://www.buhochile.com/products/vitamina-d-800-ui-60-capsulas-blandas-springlife?productId=029ed1c7-9053-4f96-b62d-5cc0fae01812
